dataset	tool	sample_id	MQ	NC
c1000_10Gb  binny	sample0	89	50
c1000_10Gb  binny	sample1	84	54
c1000_10Gb  binny	sample2	73	51
c1000_10Gb  binny	sample3	83	58
c1000_10Gb  binny	sample4	95	64
c1000_10Gb  binny	sample5	108	75
c1000_10Gb  binny	sample6	77	64
c1000_10Gb  binny	sample7	110	78
c1000_10Gb  binny	sample8	129	89
c1000_10Gb  binny	sample9	107	77
c1000_10Gb  COMEBin	sample0	116	69
c1000_10Gb  COMEBin	sample1	114	64
c1000_10Gb  COMEBin	sample2	97	62
c1000_10Gb  COMEBin	sample3	127	74
c1000_10Gb  COMEBin	sample4	127	82
c1000_10Gb  COMEBin	sample5	154	92
c1000_10Gb  COMEBin	sample6	91	70
c1000_10Gb  COMEBin	sample7	146	98
c1000_10Gb  COMEBin	sample8	175	109
c1000_10Gb  COMEBin	sample9	158	93
c1000_10Gb  CONCOCT	sample0	67	38
c1000_10Gb  CONCOCT	sample1	63	34
c1000_10Gb  CONCOCT	sample2	57	38
c1000_10Gb  CONCOCT	sample3	65	38
c1000_10Gb  CONCOCT	sample4	67	40
c1000_10Gb  CONCOCT	sample5	81	49
c1000_10Gb  CONCOCT	sample6	65	50
c1000_10Gb  CONCOCT	sample7	68	39
c1000_10Gb  CONCOCT	sample8	90	54
c1000_10Gb  CONCOCT	sample9	69	37
c1000_10Gb  MaxBin2	sample0	34	28
c1000_10Gb  MaxBin2	sample1	33	28
c1000_10Gb  MaxBin2	sample2	26	20
c1000_10Gb  MaxBin2	sample3	31	23
c1000_10Gb  MaxBin2	sample4	43	34
c1000_10Gb  MaxBin2	sample5	53	49
c1000_10Gb  MaxBin2	sample6	37	32
c1000_10Gb  MaxBin2	sample7	37	32
c1000_10Gb  MaxBin2	sample8	59	48
c1000_10Gb  MaxBin2	sample9	45	41
c1000_10Gb  MetaBAT2	sample0	69	52
c1000_10Gb  MetaBAT2	sample1	75	53
c1000_10Gb  MetaBAT2	sample2	68	48
c1000_10Gb  MetaBAT2	sample3	75	52
c1000_10Gb  MetaBAT2	sample4	81	60
c1000_10Gb  MetaBAT2	sample5	93	66
c1000_10Gb  MetaBAT2	sample6	75	60
c1000_10Gb  MetaBAT2	sample7	104	74
c1000_10Gb  MetaBAT2	sample8	113	80
c1000_10Gb  MetaBAT2	sample9	97	68
c1000_10Gb  MetaBinner	sample0	61	43
c1000_10Gb  MetaBinner	sample1	65	50
c1000_10Gb  MetaBinner	sample2	61	41
c1000_10Gb  MetaBinner	sample3	70	40
c1000_10Gb  MetaBinner	sample4	76	54
c1000_10Gb  MetaBinner	sample5	95	69
c1000_10Gb  MetaBinner	sample6	72	53
c1000_10Gb  MetaBinner	sample7	91	62
c1000_10Gb  MetaBinner	sample8	117	79
c1000_10Gb  MetaBinner	sample9	99	71
c1000_10Gb  MetaDecoder	sample0	67	47
c1000_10Gb  MetaDecoder	sample1	87	60
c1000_10Gb  MetaDecoder	sample2	69	47
c1000_10Gb  MetaDecoder	sample3	80	54
c1000_10Gb  MetaDecoder	sample4	87	64
c1000_10Gb  MetaDecoder	sample5	111	71
c1000_10Gb  MetaDecoder	sample6	80	60
c1000_10Gb  MetaDecoder	sample7	106	78
c1000_10Gb  MetaDecoder	sample8	114	85
c1000_10Gb  MetaDecoder	sample9	100	70
c1000_10Gb  SemiBin2	sample0	97	60
c1000_10Gb  SemiBin2	sample1	93	63
c1000_10Gb  SemiBin2	sample2	87	61
c1000_10Gb  SemiBin2	sample3	92	60
c1000_10Gb  SemiBin2	sample4	106	75
c1000_10Gb  SemiBin2	sample5	127	81
c1000_10Gb  SemiBin2	sample6	90	65
c1000_10Gb  SemiBin2	sample7	125	93
c1000_10Gb  SemiBin2	sample8	148	105
c1000_10Gb  SemiBin2	sample9	123	85
c1000_10Gb  SemiBin2(multi)	sample0	103	68
c1000_10Gb  SemiBin2(multi)	sample1	102	66
c1000_10Gb  SemiBin2(multi)	sample2	89	62
c1000_10Gb  SemiBin2(multi)	sample3	104	66
c1000_10Gb  SemiBin2(multi)	sample4	112	78
c1000_10Gb  SemiBin2(multi)	sample5	135	85
c1000_10Gb  SemiBin2(multi)	sample6	92	66
c1000_10Gb  SemiBin2(multi)	sample7	131	94
c1000_10Gb  SemiBin2(multi)	sample8	159	113
c1000_10Gb  SemiBin2(multi)	sample9	124	88
c1000_10Gb  vamb	sample0	41	25
c1000_10Gb  vamb	sample1	41	26
c1000_10Gb  vamb	sample2	37	28
c1000_10Gb  vamb	sample3	50	28
c1000_10Gb  vamb	sample4	42	21
c1000_10Gb  vamb	sample5	40	21
c1000_10Gb  vamb	sample6	38	22
c1000_10Gb  vamb	sample7	53	32
c1000_10Gb  vamb	sample8	59	36
c1000_10Gb  vamb	sample9	41	25
c1000_10Gb  vamb(multi)	sample0	111	71
c1000_10Gb  vamb(multi)	sample1	107	70
c1000_10Gb  vamb(multi)	sample2	96	62
c1000_10Gb  vamb(multi)	sample3	112	74
c1000_10Gb  vamb(multi)	sample4	118	81
c1000_10Gb  vamb(multi)	sample5	142	104
c1000_10Gb  vamb(multi)	sample6	92	72
c1000_10Gb  vamb(multi)	sample7	142	99
c1000_10Gb  vamb(multi)	sample8	165	119
c1000_10Gb  vamb(multi)	sample9	135	98
c1000_2.4Gb binny	sample0	27	17
c1000_2.4Gb binny	sample1	29	23
c1000_2.4Gb binny	sample2	34	21
c1000_2.4Gb binny	sample3	22	14
c1000_2.4Gb binny	sample4	27	18
c1000_2.4Gb binny	sample5	34	17
c1000_2.4Gb binny	sample6	27	17
c1000_2.4Gb binny	sample7	12	8
c1000_2.4Gb binny	sample8	32	15
c1000_2.4Gb binny	sample9	25	17
c1000_2.4Gb COMEBin	sample0	47	20
c1000_2.4Gb COMEBin	sample1	42	23
c1000_2.4Gb COMEBin	sample2	39	24
c1000_2.4Gb COMEBin	sample3	38	18
c1000_2.4Gb COMEBin	sample4	43	18
c1000_2.4Gb COMEBin	sample5	47	25
c1000_2.4Gb COMEBin	sample6	44	22
c1000_2.4Gb COMEBin	sample7	21	12
c1000_2.4Gb COMEBin	sample8	50	31
c1000_2.4Gb COMEBin	sample9	31	20
c1000_2.4Gb CONCOCT	sample0	32	14
c1000_2.4Gb CONCOCT	sample1	26	16
c1000_2.4Gb CONCOCT	sample2	28	18
c1000_2.4Gb CONCOCT	sample3	26	12
c1000_2.4Gb CONCOCT	sample4	29	15
c1000_2.4Gb CONCOCT	sample5	32	15
c1000_2.4Gb CONCOCT	sample6	28	17
c1000_2.4Gb CONCOCT	sample7	13	9
c1000_2.4Gb CONCOCT	sample8	35	22
c1000_2.4Gb CONCOCT	sample9	24	16
c1000_2.4Gb MaxBin2	sample0	8	5
c1000_2.4Gb MaxBin2	sample1	10	9
c1000_2.4Gb MaxBin2	sample2	12	7
c1000_2.4Gb MaxBin2	sample3	6	6
c1000_2.4Gb MaxBin2	sample4	7	4
c1000_2.4Gb MaxBin2	sample5	11	8
c1000_2.4Gb MaxBin2	sample6	10	9
c1000_2.4Gb MaxBin2	sample7	3	3
c1000_2.4Gb MaxBin2	sample8	13	9
c1000_2.4Gb MaxBin2	sample9	8	8
c1000_2.4Gb MetaBAT2	sample0	20	14
c1000_2.4Gb MetaBAT2	sample1	29	21
c1000_2.4Gb MetaBAT2	sample2	29	16
c1000_2.4Gb MetaBAT2	sample3	19	13
c1000_2.4Gb MetaBAT2	sample4	22	12
c1000_2.4Gb MetaBAT2	sample5	24	14
c1000_2.4Gb MetaBAT2	sample6	20	15
c1000_2.4Gb MetaBAT2	sample7	11	7
c1000_2.4Gb MetaBAT2	sample8	28	17
c1000_2.4Gb MetaBAT2	sample9	19	17
c1000_2.4Gb MetaBinner	sample0	26	15
c1000_2.4Gb MetaBinner	sample1	24	18
c1000_2.4Gb MetaBinner	sample2	27	16
c1000_2.4Gb MetaBinner	sample3	16	11
c1000_2.4Gb MetaBinner	sample4	20	11
c1000_2.4Gb MetaBinner	sample5	23	14
c1000_2.4Gb MetaBinner	sample6	23	14
c1000_2.4Gb MetaBinner	sample7	11	7
c1000_2.4Gb MetaBinner	sample8	25	15
c1000_2.4Gb MetaBinner	sample9	20	15
c1000_2.4Gb MetaDecoder	sample0	32	16
c1000_2.4Gb MetaDecoder	sample1	30	21
c1000_2.4Gb MetaDecoder	sample2	29	20
c1000_2.4Gb MetaDecoder	sample3	23	16
c1000_2.4Gb MetaDecoder	sample4	26	13
c1000_2.4Gb MetaDecoder	sample5	31	14
c1000_2.4Gb MetaDecoder	sample6	20	11
c1000_2.4Gb MetaDecoder	sample7	11	8
c1000_2.4Gb MetaDecoder	sample8	34	18
c1000_2.4Gb MetaDecoder	sample9	22	16
c1000_2.4Gb SemiBin2	sample0	33	17
c1000_2.4Gb SemiBin2	sample1	34	23
c1000_2.4Gb SemiBin2	sample2	30	19
c1000_2.4Gb SemiBin2	sample3	24	16
c1000_2.4Gb SemiBin2	sample4	26	15
c1000_2.4Gb SemiBin2	sample5	36	17
c1000_2.4Gb SemiBin2	sample6	27	16
c1000_2.4Gb SemiBin2	sample7	12	8
c1000_2.4Gb SemiBin2	sample8	38	21
c1000_2.4Gb SemiBin2	sample9	27	17
c1000_2.4Gb SemiBin2(multi)	sample0	37	21
c1000_2.4Gb SemiBin2(multi)	sample1	33	23
c1000_2.4Gb SemiBin2(multi)	sample2	30	20
c1000_2.4Gb SemiBin2(multi)	sample3	26	17
c1000_2.4Gb SemiBin2(multi)	sample4	28	15
c1000_2.4Gb SemiBin2(multi)	sample5	36	19
c1000_2.4Gb SemiBin2(multi)	sample6	30	17
c1000_2.4Gb SemiBin2(multi)	sample7	12	8
c1000_2.4Gb SemiBin2(multi)	sample8	39	19
c1000_2.4Gb SemiBin2(multi)	sample9	27	18
c1000_2.4Gb vamb	sample0	11	4
c1000_2.4Gb vamb	sample1	18	15
c1000_2.4Gb vamb	sample2	13	8
c1000_2.4Gb vamb	sample3	10	5
c1000_2.4Gb vamb	sample4	16	11
c1000_2.4Gb vamb	sample5	14	7
c1000_2.4Gb vamb	sample6	12	9
c1000_2.4Gb vamb	sample7	6	4
c1000_2.4Gb vamb	sample8	20	13
c1000_2.4Gb vamb	sample9	10	8
c1000_2.4Gb vamb(multi)	sample0	37	20
c1000_2.4Gb vamb(multi)	sample1	31	22
c1000_2.4Gb vamb(multi)	sample2	32	22
c1000_2.4Gb vamb(multi)	sample3	24	17
c1000_2.4Gb vamb(multi)	sample4	27	18
c1000_2.4Gb vamb(multi)	sample5	38	23
c1000_2.4Gb vamb(multi)	sample6	29	18
c1000_2.4Gb vamb(multi)	sample7	12	9
c1000_2.4Gb vamb(multi)	sample8	38	22
c1000_2.4Gb vamb(multi)	sample9	21	14
c1000_5Gb   binny	sample0	59	42
c1000_5Gb   binny	sample1	52	35
c1000_5Gb   binny	sample2	56	32
c1000_5Gb   binny	sample3	51	38
c1000_5Gb   binny	sample4	52	37
c1000_5Gb   binny	sample5	60	41
c1000_5Gb   binny	sample6	45	28
c1000_5Gb   binny	sample7	59	35
c1000_5Gb   binny	sample8	74	43
c1000_5Gb   binny	sample9	80	46
c1000_5Gb   COMEBin	sample0	77	50
c1000_5Gb   COMEBin	sample1	80	41
c1000_5Gb   COMEBin	sample2	74	49
c1000_5Gb   COMEBin	sample3	57	40
c1000_5Gb   COMEBin	sample4	68	43
c1000_5Gb   COMEBin	sample5	91	54
c1000_5Gb   COMEBin	sample6	66	38
c1000_5Gb   COMEBin	sample7	93	43
c1000_5Gb   COMEBin	sample8	95	62
c1000_5Gb   COMEBin	sample9	100	66
c1000_5Gb   CONCOCT	sample0	57	33
c1000_5Gb   CONCOCT	sample1	48	24
c1000_5Gb   CONCOCT	sample2	45	26
c1000_5Gb   CONCOCT	sample3	37	26
c1000_5Gb   CONCOCT	sample4	48	28
c1000_5Gb   CONCOCT	sample5	57	33
c1000_5Gb   CONCOCT	sample6	44	25
c1000_5Gb   CONCOCT	sample7	60	32
c1000_5Gb   CONCOCT	sample8	64	30
c1000_5Gb   CONCOCT	sample9	70	44
c1000_5Gb   MaxBin2	sample0	19	18
c1000_5Gb   MaxBin2	sample1	16	11
c1000_5Gb   MaxBin2	sample2	20	19
c1000_5Gb   MaxBin2	sample3	18	15
c1000_5Gb   MaxBin2	sample4	17	15
c1000_5Gb   MaxBin2	sample5	23	16
c1000_5Gb   MaxBin2	sample6	16	14
c1000_5Gb   MaxBin2	sample7	25	19
c1000_5Gb   MaxBin2	sample8	25	17
c1000_5Gb   MaxBin2	sample9	35	26
c1000_5Gb   MetaBAT2	sample0	44	33
c1000_5Gb   MetaBAT2	sample1	47	29
c1000_5Gb   MetaBAT2	sample2	53	35
c1000_5Gb   MetaBAT2	sample3	40	30
c1000_5Gb   MetaBAT2	sample4	41	27
c1000_5Gb   MetaBAT2	sample5	56	39
c1000_5Gb   MetaBAT2	sample6	37	24
c1000_5Gb   MetaBAT2	sample7	52	34
c1000_5Gb   MetaBAT2	sample8	55	36
c1000_5Gb   MetaBAT2	sample9	63	35
c1000_5Gb   MetaBinner	sample0	48	33
c1000_5Gb   MetaBinner	sample1	49	28
c1000_5Gb   MetaBinner	sample2	52	33
c1000_5Gb   MetaBinner	sample3	47	29
c1000_5Gb   MetaBinner	sample4	46	27
c1000_5Gb   MetaBinner	sample5	46	32
c1000_5Gb   MetaBinner	sample6	40	22
c1000_5Gb   MetaBinner	sample7	42	28
c1000_5Gb   MetaBinner	sample8	51	32
c1000_5Gb   MetaBinner	sample9	62	42
c1000_5Gb   MetaDecoder	sample0	49	32
c1000_5Gb   MetaDecoder	sample1	54	32
c1000_5Gb   MetaDecoder	sample2	62	36
c1000_5Gb   MetaDecoder	sample3	47	33
c1000_5Gb   MetaDecoder	sample4	46	30
c1000_5Gb   MetaDecoder	sample5	60	39
c1000_5Gb   MetaDecoder	sample6	46	27
c1000_5Gb   MetaDecoder	sample7	59	33
c1000_5Gb   MetaDecoder	sample8	71	44
c1000_5Gb   MetaDecoder	sample9	77	40
c1000_5Gb   SemiBin2	sample0	61	43
c1000_5Gb   SemiBin2	sample1	61	38
c1000_5Gb   SemiBin2	sample2	67	39
c1000_5Gb   SemiBin2	sample3	54	39
c1000_5Gb   SemiBin2	sample4	56	37
c1000_5Gb   SemiBin2	sample5	69	45
c1000_5Gb   SemiBin2	sample6	52	32
c1000_5Gb   SemiBin2	sample7	71	39
c1000_5Gb   SemiBin2	sample8	78	47
c1000_5Gb   SemiBin2	sample9	85	50
c1000_5Gb   SemiBin2(multi)	sample0	63	41
c1000_5Gb   SemiBin2(multi)	sample1	64	38
c1000_5Gb   SemiBin2(multi)	sample2	65	36
c1000_5Gb   SemiBin2(multi)	sample3	53	38
c1000_5Gb   SemiBin2(multi)	sample4	58	38
c1000_5Gb   SemiBin2(multi)	sample5	77	47
c1000_5Gb   SemiBin2(multi)	sample6	54	33
c1000_5Gb   SemiBin2(multi)	sample7	80	44
c1000_5Gb   SemiBin2(multi)	sample8	84	53
c1000_5Gb   SemiBin2(multi)	sample9	91	54
c1000_5Gb   vamb	sample0	24	19
c1000_5Gb   vamb	sample1	19	13
c1000_5Gb   vamb	sample2	27	10
c1000_5Gb   vamb	sample3	25	13
c1000_5Gb   vamb	sample4	25	18
c1000_5Gb   vamb	sample5	27	18
c1000_5Gb   vamb	sample6	25	14
c1000_5Gb   vamb	sample7	26	19
c1000_5Gb   vamb	sample8	41	25
c1000_5Gb   vamb	sample9	28	19
c1000_5Gb   vamb(multi)	sample0	66	43
c1000_5Gb   vamb(multi)	sample1	63	40
c1000_5Gb   vamb(multi)	sample2	66	45
c1000_5Gb   vamb(multi)	sample3	52	38
c1000_5Gb   vamb(multi)	sample4	57	40
c1000_5Gb   vamb(multi)	sample5	78	48
c1000_5Gb   vamb(multi)	sample6	53	33
c1000_5Gb   vamb(multi)	sample7	72	47
c1000_5Gb   vamb(multi)	sample8	81	48
c1000_5Gb   vamb(multi)	sample9	84	58
c1000_7.2Gb binny	sample0	82	48
c1000_7.2Gb binny	sample1	76	54
c1000_7.2Gb binny	sample2	83	64
c1000_7.2Gb binny	sample3	83	48
c1000_7.2Gb binny	sample4	78	46
c1000_7.2Gb binny	sample5	68	47
c1000_7.2Gb binny	sample6	72	50
c1000_7.2Gb binny	sample7	48	35
c1000_7.2Gb binny	sample8	90	67
c1000_7.2Gb binny	sample9	58	40
c1000_7.2Gb COMEBin	sample0	106	67
c1000_7.2Gb COMEBin	sample1	108	55
c1000_7.2Gb COMEBin	sample2	110	66
c1000_7.2Gb COMEBin	sample3	103	63
c1000_7.2Gb COMEBin	sample4	105	68
c1000_7.2Gb COMEBin	sample5	96	54
c1000_7.2Gb COMEBin	sample6	91	59
c1000_7.2Gb COMEBin	sample7	65	39
c1000_7.2Gb COMEBin	sample8	125	84
c1000_7.2Gb COMEBin	sample9	86	44
c1000_7.2Gb CONCOCT	sample0	68	40
c1000_7.2Gb CONCOCT	sample1	62	36
c1000_7.2Gb CONCOCT	sample2	62	35
c1000_7.2Gb CONCOCT	sample3	67	35
c1000_7.2Gb CONCOCT	sample4	65	36
c1000_7.2Gb CONCOCT	sample5	66	38
c1000_7.2Gb CONCOCT	sample6	60	37
c1000_7.2Gb CONCOCT	sample7	44	26
c1000_7.2Gb CONCOCT	sample8	66	44
c1000_7.2Gb CONCOCT	sample9	55	32
c1000_7.2Gb MaxBin2	sample0	31	22
c1000_7.2Gb MaxBin2	sample1	37	28
c1000_7.2Gb MaxBin2	sample2	32	29
c1000_7.2Gb MaxBin2	sample3	35	24
c1000_7.2Gb MaxBin2	sample4	30	24
c1000_7.2Gb MaxBin2	sample5	35	31
c1000_7.2Gb MaxBin2	sample6	27	24
c1000_7.2Gb MaxBin2	sample7	17	14
c1000_7.2Gb MaxBin2	sample8	37	34
c1000_7.2Gb MaxBin2	sample9	31	25
c1000_7.2Gb MetaBAT2	sample0	69	46
c1000_7.2Gb MetaBAT2	sample1	69	55
c1000_7.2Gb MetaBAT2	sample2	71	52
c1000_7.2Gb MetaBAT2	sample3	66	50
c1000_7.2Gb MetaBAT2	sample4	72	48
c1000_7.2Gb MetaBAT2	sample5	61	47
c1000_7.2Gb MetaBAT2	sample6	59	43
c1000_7.2Gb MetaBAT2	sample7	47	29
c1000_7.2Gb MetaBAT2	sample8	75	54
c1000_7.2Gb MetaBAT2	sample9	54	38
c1000_7.2Gb MetaBinner	sample0	72	45
c1000_7.2Gb MetaBinner	sample1	66	44
c1000_7.2Gb MetaBinner	sample2	68	43
c1000_7.2Gb MetaBinner	sample3	67	44
c1000_7.2Gb MetaBinner	sample4	68	38
c1000_7.2Gb MetaBinner	sample5	58	36
c1000_7.2Gb MetaBinner	sample6	51	33
c1000_7.2Gb MetaBinner	sample7	42	25
c1000_7.2Gb MetaBinner	sample8	74	52
c1000_7.2Gb MetaBinner	sample9	54	33
c1000_7.2Gb MetaDecoder	sample0	82	54
c1000_7.2Gb MetaDecoder	sample1	73	46
c1000_7.2Gb MetaDecoder	sample2	79	56
c1000_7.2Gb MetaDecoder	sample3	75	51
c1000_7.2Gb MetaDecoder	sample4	71	43
c1000_7.2Gb MetaDecoder	sample5	59	40
c1000_7.2Gb MetaDecoder	sample6	66	50
c1000_7.2Gb MetaDecoder	sample7	50	34
c1000_7.2Gb MetaDecoder	sample8	77	55
c1000_7.2Gb MetaDecoder	sample9	56	35
c1000_7.2Gb SemiBin2	sample0	93	60
c1000_7.2Gb SemiBin2	sample1	83	62
c1000_7.2Gb SemiBin2	sample2	92	66
c1000_7.2Gb SemiBin2	sample3	83	54
c1000_7.2Gb SemiBin2	sample4	92	57
c1000_7.2Gb SemiBin2	sample5	80	51
c1000_7.2Gb SemiBin2	sample6	79	52
c1000_7.2Gb SemiBin2	sample7	54	37
c1000_7.2Gb SemiBin2	sample8	102	68
c1000_7.2Gb SemiBin2	sample9	67	42
c1000_7.2Gb SemiBin2(multi)	sample0	95	64
c1000_7.2Gb SemiBin2(multi)	sample1	94	68
c1000_7.2Gb SemiBin2(multi)	sample2	92	67
c1000_7.2Gb SemiBin2(multi)	sample3	89	59
c1000_7.2Gb SemiBin2(multi)	sample4	97	63
c1000_7.2Gb SemiBin2(multi)	sample5	84	55
c1000_7.2Gb SemiBin2(multi)	sample6	85	60
c1000_7.2Gb SemiBin2(multi)	sample7	54	39
c1000_7.2Gb SemiBin2(multi)	sample8	105	75
c1000_7.2Gb SemiBin2(multi)	sample9	70	42
c1000_7.2Gb vamb	sample0	45	29
c1000_7.2Gb vamb	sample1	37	25
c1000_7.2Gb vamb	sample2	27	13
c1000_7.2Gb vamb	sample3	28	15
c1000_7.2Gb vamb	sample4	31	12
c1000_7.2Gb vamb	sample5	35	16
c1000_7.2Gb vamb	sample6	38	26
c1000_7.2Gb vamb	sample7	28	12
c1000_7.2Gb vamb	sample8	44	32
c1000_7.2Gb vamb	sample9	25	12
c1000_7.2Gb vamb(multi)	sample0	101	70
c1000_7.2Gb vamb(multi)	sample1	105	70
c1000_7.2Gb vamb(multi)	sample2	86	61
c1000_7.2Gb vamb(multi)	sample3	90	61
c1000_7.2Gb vamb(multi)	sample4	94	62
c1000_7.2Gb vamb(multi)	sample5	87	59
c1000_7.2Gb vamb(multi)	sample6	93	62
c1000_7.2Gb vamb(multi)	sample7	57	42
c1000_7.2Gb vamb(multi)	sample8	99	73
c1000_7.2Gb vamb(multi)	sample9	80	47
c1500_10Gb  binny	sample0	75	42
c1500_10Gb  binny	sample1	104	69
c1500_10Gb  binny	sample2	83	59
c1500_10Gb  binny	sample3	113	79
c1500_10Gb  binny	sample4	105	79
c1500_10Gb  binny	sample5	108	72
c1500_10Gb  binny	sample6	100	67
c1500_10Gb  binny	sample7	93	59
c1500_10Gb  binny	sample8	99	74
c1500_10Gb  binny	sample9	105	79
c1500_10Gb  COMEBin	sample0	113	58
c1500_10Gb  COMEBin	sample1	161	87
c1500_10Gb  COMEBin	sample2	122	75
c1500_10Gb  COMEBin	sample3	157	88
c1500_10Gb  COMEBin	sample4	141	85
c1500_10Gb  COMEBin	sample5	138	85
c1500_10Gb  COMEBin	sample6	144	79
c1500_10Gb  COMEBin	sample7	136	75
c1500_10Gb  COMEBin	sample8	141	82
c1500_10Gb  COMEBin	sample9	136	75
c1500_10Gb  CONCOCT	sample0	75	43
c1500_10Gb  CONCOCT	sample1	57	31
c1500_10Gb  CONCOCT	sample2	58	29
c1500_10Gb  CONCOCT	sample3	66	31
c1500_10Gb  CONCOCT	sample4	63	37
c1500_10Gb  CONCOCT	sample5	66	37
c1500_10Gb  CONCOCT	sample6	68	36
c1500_10Gb  CONCOCT	sample7	76	44
c1500_10Gb  CONCOCT	sample8	59	29
c1500_10Gb  CONCOCT	sample9	62	29
c1500_10Gb  MaxBin2	sample0	36	28
c1500_10Gb  MaxBin2	sample1	48	37
c1500_10Gb  MaxBin2	sample2	29	27
c1500_10Gb  MaxBin2	sample3	42	32
c1500_10Gb  MaxBin2	sample4	50	42
c1500_10Gb  MaxBin2	sample5	41	32
c1500_10Gb  MaxBin2	sample6	44	36
c1500_10Gb  MaxBin2	sample7	33	31
c1500_10Gb  MaxBin2	sample8	38	33
c1500_10Gb  MaxBin2	sample9	33	29
c1500_10Gb  MetaBAT2	sample0	68	46
c1500_10Gb  MetaBAT2	sample1	83	60
c1500_10Gb  MetaBAT2	sample2	70	48
c1500_10Gb  MetaBAT2	sample3	100	71
c1500_10Gb  MetaBAT2	sample4	95	69
c1500_10Gb  MetaBAT2	sample5	93	62
c1500_10Gb  MetaBAT2	sample6	86	58
c1500_10Gb  MetaBAT2	sample7	80	57
c1500_10Gb  MetaBAT2	sample8	89	66
c1500_10Gb  MetaBAT2	sample9	90	67
c1500_10Gb  MetaBinner	sample0	65	37
c1500_10Gb  MetaBinner	sample1	82	60
c1500_10Gb  MetaBinner	sample2	63	45
c1500_10Gb  MetaBinner	sample3	87	58
c1500_10Gb  MetaBinner	sample4	85	59
c1500_10Gb  MetaBinner	sample5	91	55
c1500_10Gb  MetaBinner	sample6	76	55
c1500_10Gb  MetaBinner	sample7	74	47
c1500_10Gb  MetaBinner	sample8	84	69
c1500_10Gb  MetaBinner	sample9	90	62
c1500_10Gb  MetaDecoder	sample0	77	45
c1500_10Gb  MetaDecoder	sample1	92	58
c1500_10Gb  MetaDecoder	sample2	73	54
c1500_10Gb  MetaDecoder	sample3	107	69
c1500_10Gb  MetaDecoder	sample4	96	64
c1500_10Gb  MetaDecoder	sample5	100	64
c1500_10Gb  MetaDecoder	sample6	88	51
c1500_10Gb  MetaDecoder	sample7	90	63
c1500_10Gb  MetaDecoder	sample8	92	66
c1500_10Gb  MetaDecoder	sample9	100	75
c1500_10Gb  SemiBin2	sample0	87	53
c1500_10Gb  SemiBin2	sample1	117	76
c1500_10Gb  SemiBin2	sample2	100	68
c1500_10Gb  SemiBin2	sample3	126	82
c1500_10Gb  SemiBin2	sample4	120	82
c1500_10Gb  SemiBin2	sample5	130	83
c1500_10Gb  SemiBin2	sample6	108	72
c1500_10Gb  SemiBin2	sample7	106	66
c1500_10Gb  SemiBin2	sample8	116	83
c1500_10Gb  SemiBin2	sample9	120	80
c1500_10Gb  SemiBin2(multi)	sample0	88	55
c1500_10Gb  SemiBin2(multi)	sample1	135	90
c1500_10Gb  SemiBin2(multi)	sample2	104	72
c1500_10Gb  SemiBin2(multi)	sample3	132	87
c1500_10Gb  SemiBin2(multi)	sample4	123	86
c1500_10Gb  SemiBin2(multi)	sample5	137	94
c1500_10Gb  SemiBin2(multi)	sample6	121	79
c1500_10Gb  SemiBin2(multi)	sample7	113	70
c1500_10Gb  SemiBin2(multi)	sample8	123	83
c1500_10Gb  SemiBin2(multi)	sample9	125	87
c1500_10Gb  vamb	sample0	36	13
c1500_10Gb  vamb	sample1	47	27
c1500_10Gb  vamb	sample2	35	20
c1500_10Gb  vamb	sample3	33	23
c1500_10Gb  vamb	sample4	42	26
c1500_10Gb  vamb	sample5	46	21
c1500_10Gb  vamb	sample6	40	16
c1500_10Gb  vamb	sample7	49	26
c1500_10Gb  vamb	sample8	34	21
c1500_10Gb  vamb	sample9	44	24
c1500_10Gb  vamb(multi)	sample0	93	63
c1500_10Gb  vamb(multi)	sample1	136	87
c1500_10Gb  vamb(multi)	sample2	107	74
c1500_10Gb  vamb(multi)	sample3	120	82
c1500_10Gb  vamb(multi)	sample4	128	88
c1500_10Gb  vamb(multi)	sample5	139	92
c1500_10Gb  vamb(multi)	sample6	119	84
c1500_10Gb  vamb(multi)	sample7	122	76
c1500_10Gb  vamb(multi)	sample8	120	85
c1500_10Gb  vamb(multi)	sample9	127	90
c1500_2.4Gb binny	sample0	24	15
c1500_2.4Gb binny	sample1	24	14
c1500_2.4Gb binny	sample2	17	10
c1500_2.4Gb binny	sample3	27	21
c1500_2.4Gb binny	sample4	25	14
c1500_2.4Gb binny	sample5	24	14
c1500_2.4Gb binny	sample6	25	13
c1500_2.4Gb binny	sample7	29	16
c1500_2.4Gb binny	sample8	23	14
c1500_2.4Gb binny	sample9	28	19
c1500_2.4Gb COMEBin	sample0	30	19
c1500_2.4Gb COMEBin	sample1	35	22
c1500_2.4Gb COMEBin	sample2	25	13
c1500_2.4Gb COMEBin	sample3	36	27
c1500_2.4Gb COMEBin	sample4	41	25
c1500_2.4Gb COMEBin	sample5	40	22
c1500_2.4Gb COMEBin	sample6	41	18
c1500_2.4Gb COMEBin	sample7	44	25
c1500_2.4Gb COMEBin	sample8	32	15
c1500_2.4Gb COMEBin	sample9	39	25
c1500_2.4Gb CONCOCT	sample0	29	18
c1500_2.4Gb CONCOCT	sample1	25	17
c1500_2.4Gb CONCOCT	sample2	22	11
c1500_2.4Gb CONCOCT	sample3	25	19
c1500_2.4Gb CONCOCT	sample4	27	10
c1500_2.4Gb CONCOCT	sample5	26	12
c1500_2.4Gb CONCOCT	sample6	27	12
c1500_2.4Gb CONCOCT	sample7	29	15
c1500_2.4Gb CONCOCT	sample8	29	14
c1500_2.4Gb CONCOCT	sample9	29	17
c1500_2.4Gb MaxBin2	sample0	8	6
c1500_2.4Gb MaxBin2	sample1	5	4
c1500_2.4Gb MaxBin2	sample2	7	6
c1500_2.4Gb MaxBin2	sample3	9	7
c1500_2.4Gb MaxBin2	sample4	5	5
c1500_2.4Gb MaxBin2	sample5	4	3
c1500_2.4Gb MaxBin2	sample6	7	6
c1500_2.4Gb MaxBin2	sample7	8	5
c1500_2.4Gb MaxBin2	sample8	7	7
c1500_2.4Gb MaxBin2	sample9	11	10
c1500_2.4Gb MetaBAT2	sample0	17	12
c1500_2.4Gb MetaBAT2	sample1	22	13
c1500_2.4Gb MetaBAT2	sample2	17	10
c1500_2.4Gb MetaBAT2	sample3	26	16
c1500_2.4Gb MetaBAT2	sample4	23	13
c1500_2.4Gb MetaBAT2	sample5	22	15
c1500_2.4Gb MetaBAT2	sample6	19	13
c1500_2.4Gb MetaBAT2	sample7	27	14
c1500_2.4Gb MetaBAT2	sample8	18	15
c1500_2.4Gb MetaBAT2	sample9	25	16
c1500_2.4Gb MetaBinner	sample0	18	12
c1500_2.4Gb MetaBinner	sample1	20	9
c1500_2.4Gb MetaBinner	sample2	11	8
c1500_2.4Gb MetaBinner	sample3	23	17
c1500_2.4Gb MetaBinner	sample4	18	11
c1500_2.4Gb MetaBinner	sample5	21	10
c1500_2.4Gb MetaBinner	sample6	15	8
c1500_2.4Gb MetaBinner	sample7	23	11
c1500_2.4Gb MetaBinner	sample8	12	11
c1500_2.4Gb MetaBinner	sample9	23	15
c1500_2.4Gb MetaDecoder	sample0	20	13
c1500_2.4Gb MetaDecoder	sample1	21	12
c1500_2.4Gb MetaDecoder	sample2	14	9
c1500_2.4Gb MetaDecoder	sample3	30	20
c1500_2.4Gb MetaDecoder	sample4	29	13
c1500_2.4Gb MetaDecoder	sample5	25	14
c1500_2.4Gb MetaDecoder	sample6	22	12
c1500_2.4Gb MetaDecoder	sample7	29	14
c1500_2.4Gb MetaDecoder	sample8	17	11
c1500_2.4Gb MetaDecoder	sample9	28	19
c1500_2.4Gb SemiBin2	sample0	21	14
c1500_2.4Gb SemiBin2	sample1	26	13
c1500_2.4Gb SemiBin2	sample2	15	10
c1500_2.4Gb SemiBin2	sample3	29	21
c1500_2.4Gb SemiBin2	sample4	31	15
c1500_2.4Gb SemiBin2	sample5	26	15
c1500_2.4Gb SemiBin2	sample6	23	14
c1500_2.4Gb SemiBin2	sample7	37	17
c1500_2.4Gb SemiBin2	sample8	19	14
c1500_2.4Gb SemiBin2	sample9	32	18
c1500_2.4Gb SemiBin2(multi)	sample0	23	17
c1500_2.4Gb SemiBin2(multi)	sample1	25	14
c1500_2.4Gb SemiBin2(multi)	sample2	14	10
c1500_2.4Gb SemiBin2(multi)	sample3	28	21
c1500_2.4Gb SemiBin2(multi)	sample4	33	16
c1500_2.4Gb SemiBin2(multi)	sample5	26	16
c1500_2.4Gb SemiBin2(multi)	sample6	23	12
c1500_2.4Gb SemiBin2(multi)	sample7	37	18
c1500_2.4Gb SemiBin2(multi)	sample8	18	13
c1500_2.4Gb SemiBin2(multi)	sample9	32	20
c1500_2.4Gb vamb	sample0	7	3
c1500_2.4Gb vamb	sample1	13	6
c1500_2.4Gb vamb	sample2	7	2
c1500_2.4Gb vamb	sample3	17	13
c1500_2.4Gb vamb	sample4	9	5
c1500_2.4Gb vamb	sample5	11	4
c1500_2.4Gb vamb	sample6	12	8
c1500_2.4Gb vamb	sample7	16	12
c1500_2.4Gb vamb	sample8	8	6
c1500_2.4Gb vamb	sample9	13	6
c1500_2.4Gb vamb(multi)	sample0	23	16
c1500_2.4Gb vamb(multi)	sample1	25	14
c1500_2.4Gb vamb(multi)	sample2	17	11
c1500_2.4Gb vamb(multi)	sample3	27	21
c1500_2.4Gb vamb(multi)	sample4	25	14
c1500_2.4Gb vamb(multi)	sample5	24	18
c1500_2.4Gb vamb(multi)	sample6	24	13
c1500_2.4Gb vamb(multi)	sample7	33	21
c1500_2.4Gb vamb(multi)	sample8	20	15
c1500_2.4Gb vamb(multi)	sample9	30	20
c1500_5Gb   binny	sample0	47	29
c1500_5Gb   binny	sample1	43	27
c1500_5Gb   binny	sample2	71	41
c1500_5Gb   binny	sample3	42	30
c1500_5Gb   binny	sample4	60	35
c1500_5Gb   binny	sample5	33	21
c1500_5Gb   binny	sample6	65	43
c1500_5Gb   binny	sample7	48	32
c1500_5Gb   binny	sample8	36	20
c1500_5Gb   binny	sample9	49	30
c1500_5Gb   COMEBin	sample0	65	32
c1500_5Gb   COMEBin	sample1	65	34
c1500_5Gb   COMEBin	sample2	92	52
c1500_5Gb   COMEBin	sample3	57	38
c1500_5Gb   COMEBin	sample4	85	47
c1500_5Gb   COMEBin	sample5	46	23
c1500_5Gb   COMEBin	sample6	79	47
c1500_5Gb   COMEBin	sample7	64	35
c1500_5Gb   COMEBin	sample8	50	25
c1500_5Gb   COMEBin	sample9	76	29
c1500_5Gb   CONCOCT	sample0	52	30
c1500_5Gb   CONCOCT	sample1	48	27
c1500_5Gb   CONCOCT	sample2	62	35
c1500_5Gb   CONCOCT	sample3	36	28
c1500_5Gb   CONCOCT	sample4	55	27
c1500_5Gb   CONCOCT	sample5	30	14
c1500_5Gb   CONCOCT	sample6	61	30
c1500_5Gb   CONCOCT	sample7	48	29
c1500_5Gb   CONCOCT	sample8	39	22
c1500_5Gb   CONCOCT	sample9	54	25
c1500_5Gb   MaxBin2	sample0	21	18
c1500_5Gb   MaxBin2	sample1	19	17
c1500_5Gb   MaxBin2	sample2	24	17
c1500_5Gb   MaxBin2	sample3	19	13
c1500_5Gb   MaxBin2	sample4	20	17
c1500_5Gb   MaxBin2	sample5	11	10
c1500_5Gb   MaxBin2	sample6	15	12
c1500_5Gb   MaxBin2	sample7	17	14
c1500_5Gb   MaxBin2	sample8	17	11
c1500_5Gb   MaxBin2	sample9	15	14
c1500_5Gb   MetaBAT2	sample0	47	31
c1500_5Gb   MetaBAT2	sample1	41	30
c1500_5Gb   MetaBAT2	sample2	62	35
c1500_5Gb   MetaBAT2	sample3	34	28
c1500_5Gb   MetaBAT2	sample4	46	29
c1500_5Gb   MetaBAT2	sample5	26	16
c1500_5Gb   MetaBAT2	sample6	46	26
c1500_5Gb   MetaBAT2	sample7	41	29
c1500_5Gb   MetaBAT2	sample8	31	24
c1500_5Gb   MetaBAT2	sample9	41	29
c1500_5Gb   MetaBinner	sample0	41	30
c1500_5Gb   MetaBinner	sample1	44	27
c1500_5Gb   MetaBinner	sample2	51	33
c1500_5Gb   MetaBinner	sample3	34	22
c1500_5Gb   MetaBinner	sample4	43	27
c1500_5Gb   MetaBinner	sample5	19	14
c1500_5Gb   MetaBinner	sample6	52	29
c1500_5Gb   MetaBinner	sample7	36	22
c1500_5Gb   MetaBinner	sample8	31	18
c1500_5Gb   MetaBinner	sample9	36	20
c1500_5Gb   MetaDecoder	sample0	44	29
c1500_5Gb   MetaDecoder	sample1	46	31
c1500_5Gb   MetaDecoder	sample2	71	40
c1500_5Gb   MetaDecoder	sample3	38	31
c1500_5Gb   MetaDecoder	sample4	49	29
c1500_5Gb   MetaDecoder	sample5	25	12
c1500_5Gb   MetaDecoder	sample6	62	39
c1500_5Gb   MetaDecoder	sample7	47	32
c1500_5Gb   MetaDecoder	sample8	36	24
c1500_5Gb   MetaDecoder	sample9	46	29
c1500_5Gb   SemiBin2	sample0	57	32
c1500_5Gb   SemiBin2	sample1	56	34
c1500_5Gb   SemiBin2	sample2	82	49
c1500_5Gb   SemiBin2	sample3	44	32
c1500_5Gb   SemiBin2	sample4	61	34
c1500_5Gb   SemiBin2	sample5	33	20
c1500_5Gb   SemiBin2	sample6	72	44
c1500_5Gb   SemiBin2	sample7	50	36
c1500_5Gb   SemiBin2	sample8	39	24
c1500_5Gb   SemiBin2	sample9	49	30
c1500_5Gb   SemiBin2(multi)	sample0	61	35
c1500_5Gb   SemiBin2(multi)	sample1	56	34
c1500_5Gb   SemiBin2(multi)	sample2	82	49
c1500_5Gb   SemiBin2(multi)	sample3	45	34
c1500_5Gb   SemiBin2(multi)	sample4	61	35
c1500_5Gb   SemiBin2(multi)	sample5	34	20
c1500_5Gb   SemiBin2(multi)	sample6	72	45
c1500_5Gb   SemiBin2(multi)	sample7	54	39
c1500_5Gb   SemiBin2(multi)	sample8	39	25
c1500_5Gb   SemiBin2(multi)	sample9	56	33
c1500_5Gb   vamb	sample0	18	14
c1500_5Gb   vamb	sample1	24	22
c1500_5Gb   vamb	sample2	29	17
c1500_5Gb   vamb	sample3	20	11
c1500_5Gb   vamb	sample4	19	14
c1500_5Gb   vamb	sample5	13	8
c1500_5Gb   vamb	sample6	26	12
c1500_5Gb   vamb	sample7	23	9
c1500_5Gb   vamb	sample8	16	9
c1500_5Gb   vamb	sample9	21	15
c1500_5Gb   vamb(multi)	sample0	54	36
c1500_5Gb   vamb(multi)	sample1	55	32
c1500_5Gb   vamb(multi)	sample2	78	48
c1500_5Gb   vamb(multi)	sample3	45	36
c1500_5Gb   vamb(multi)	sample4	60	40
c1500_5Gb   vamb(multi)	sample5	34	21
c1500_5Gb   vamb(multi)	sample6	68	47
c1500_5Gb   vamb(multi)	sample7	49	41
c1500_5Gb   vamb(multi)	sample8	38	24
c1500_5Gb   vamb(multi)	sample9	55	36
c1500_7.2Gb binny	sample0	83	56
c1500_7.2Gb binny	sample1	79	55
c1500_7.2Gb binny	sample2	79	59
c1500_7.2Gb binny	sample3	92	63
c1500_7.2Gb binny	sample4	71	52
c1500_7.2Gb binny	sample5	81	56
c1500_7.2Gb binny	sample6	80	54
c1500_7.2Gb binny	sample7	71	50
c1500_7.2Gb binny	sample8	77	51
c1500_7.2Gb binny	sample9	82	50
c1500_7.2Gb COMEBin	sample0	107	70
c1500_7.2Gb COMEBin	sample1	121	61
c1500_7.2Gb COMEBin	sample2	121	62
c1500_7.2Gb COMEBin	sample3	130	78
c1500_7.2Gb COMEBin	sample4	101	53
c1500_7.2Gb COMEBin	sample5	120	64
c1500_7.2Gb COMEBin	sample6	118	68
c1500_7.2Gb COMEBin	sample7	103	60
c1500_7.2Gb COMEBin	sample8	111	58
c1500_7.2Gb COMEBin	sample9	118	69
c1500_7.2Gb CONCOCT	sample0	55	34
c1500_7.2Gb CONCOCT	sample1	64	33
c1500_7.2Gb CONCOCT	sample2	62	33
c1500_7.2Gb CONCOCT	sample3	63	37
c1500_7.2Gb CONCOCT	sample4	50	27
c1500_7.2Gb CONCOCT	sample5	67	43
c1500_7.2Gb CONCOCT	sample6	63	28
c1500_7.2Gb CONCOCT	sample7	66	36
c1500_7.2Gb CONCOCT	sample8	58	23
c1500_7.2Gb CONCOCT	sample9	61	36
c1500_7.2Gb MaxBin2	sample0	27	18
c1500_7.2Gb MaxBin2	sample1	35	28
c1500_7.2Gb MaxBin2	sample2	36	27
c1500_7.2Gb MaxBin2	sample3	37	29
c1500_7.2Gb MaxBin2	sample4	30	24
c1500_7.2Gb MaxBin2	sample5	38	31
c1500_7.2Gb MaxBin2	sample6	21	21
c1500_7.2Gb MaxBin2	sample7	37	34
c1500_7.2Gb MaxBin2	sample8	19	12
c1500_7.2Gb MaxBin2	sample9	34	26
c1500_7.2Gb MetaBAT2	sample0	71	48
c1500_7.2Gb MetaBAT2	sample1	67	46
c1500_7.2Gb MetaBAT2	sample2	69	47
c1500_7.2Gb MetaBAT2	sample3	85	60
c1500_7.2Gb MetaBAT2	sample4	56	43
c1500_7.2Gb MetaBAT2	sample5	76	56
c1500_7.2Gb MetaBAT2	sample6	77	56
c1500_7.2Gb MetaBAT2	sample7	67	48
c1500_7.2Gb MetaBAT2	sample8	60	38
c1500_7.2Gb MetaBAT2	sample9	79	52
c1500_7.2Gb MetaBinner	sample0	72	42
c1500_7.2Gb MetaBinner	sample1	67	51
c1500_7.2Gb MetaBinner	sample2	71	43
c1500_7.2Gb MetaBinner	sample3	78	52
c1500_7.2Gb MetaBinner	sample4	60	41
c1500_7.2Gb MetaBinner	sample5	75	53
c1500_7.2Gb MetaBinner	sample6	69	48
c1500_7.2Gb MetaBinner	sample7	66	43
c1500_7.2Gb MetaBinner	sample8	62	37
c1500_7.2Gb MetaBinner	sample9	75	52
c1500_7.2Gb MetaDecoder	sample0	80	53
c1500_7.2Gb MetaDecoder	sample1	68	46
c1500_7.2Gb MetaDecoder	sample2	75	49
c1500_7.2Gb MetaDecoder	sample3	92	63
c1500_7.2Gb MetaDecoder	sample4	68	50
c1500_7.2Gb MetaDecoder	sample5	80	54
c1500_7.2Gb MetaDecoder	sample6	80	53
c1500_7.2Gb MetaDecoder	sample7	71	47
c1500_7.2Gb MetaDecoder	sample8	71	50
c1500_7.2Gb MetaDecoder	sample9	85	44
c1500_7.2Gb SemiBin2	sample0	92	64
c1500_7.2Gb SemiBin2	sample1	90	60
c1500_7.2Gb SemiBin2	sample2	85	60
c1500_7.2Gb SemiBin2	sample3	105	77
c1500_7.2Gb SemiBin2	sample4	77	55
c1500_7.2Gb SemiBin2	sample5	93	66
c1500_7.2Gb SemiBin2	sample6	99	63
c1500_7.2Gb SemiBin2	sample7	85	56
c1500_7.2Gb SemiBin2	sample8	84	55
c1500_7.2Gb SemiBin2	sample9	100	60
c1500_7.2Gb SemiBin2(multi)	sample0	95	66
c1500_7.2Gb SemiBin2(multi)	sample1	100	65
c1500_7.2Gb SemiBin2(multi)	sample2	95	63
c1500_7.2Gb SemiBin2(multi)	sample3	110	72
c1500_7.2Gb SemiBin2(multi)	sample4	83	55
c1500_7.2Gb SemiBin2(multi)	sample5	99	68
c1500_7.2Gb SemiBin2(multi)	sample6	110	71
c1500_7.2Gb SemiBin2(multi)	sample7	90	56
c1500_7.2Gb SemiBin2(multi)	sample8	88	56
c1500_7.2Gb SemiBin2(multi)	sample9	96	61
c1500_7.2Gb vamb	sample0	50	29
c1500_7.2Gb vamb	sample1	39	28
c1500_7.2Gb vamb	sample2	43	26
c1500_7.2Gb vamb	sample3	49	33
c1500_7.2Gb vamb	sample4	26	11
c1500_7.2Gb vamb	sample5	30	23
c1500_7.2Gb vamb	sample6	35	24
c1500_7.2Gb vamb	sample7	27	15
c1500_7.2Gb vamb	sample8	27	12
c1500_7.2Gb vamb	sample9	33	22
c1500_7.2Gb vamb(multi)	sample0	95	67
c1500_7.2Gb vamb(multi)	sample1	108	67
c1500_7.2Gb vamb(multi)	sample2	101	64
c1500_7.2Gb vamb(multi)	sample3	121	80
c1500_7.2Gb vamb(multi)	sample4	85	54
c1500_7.2Gb vamb(multi)	sample5	99	67
c1500_7.2Gb vamb(multi)	sample6	110	73
c1500_7.2Gb vamb(multi)	sample7	92	57
c1500_7.2Gb vamb(multi)	sample8	92	61
c1500_7.2Gb vamb(multi)	sample9	99	68
c150_10Gb   binny	sample0	54	45
c150_10Gb   binny	sample1	67	53
c150_10Gb   binny	sample2	64	51
c150_10Gb   binny	sample3	64	46
c150_10Gb   binny	sample4	66	49
c150_10Gb   binny	sample5	44	33
c150_10Gb   binny	sample6	68	60
c150_10Gb   binny	sample7	61	44
c150_10Gb   binny	sample8	47	34
c150_10Gb   binny	sample9	69	59
c150_10Gb   COMEBin	sample0	66	52
c150_10Gb   COMEBin	sample1	71	62
c150_10Gb   COMEBin	sample2	78	65
c150_10Gb   COMEBin	sample3	76	53
c150_10Gb   COMEBin	sample4	73	65
c150_10Gb   COMEBin	sample5	53	39
c150_10Gb   COMEBin	sample6	80	64
c150_10Gb   COMEBin	sample7	72	56
c150_10Gb   COMEBin	sample8	65	43
c150_10Gb   COMEBin	sample9	83	67
c150_10Gb   CONCOCT	sample0	62	44
c150_10Gb   CONCOCT	sample1	71	58
c150_10Gb   CONCOCT	sample2	63	55
c150_10Gb   CONCOCT	sample3	73	53
c150_10Gb   CONCOCT	sample4	67	56
c150_10Gb   CONCOCT	sample5	47	37
c150_10Gb   CONCOCT	sample6	71	55
c150_10Gb   CONCOCT	sample7	65	52
c150_10Gb   CONCOCT	sample8	55	39
c150_10Gb   CONCOCT	sample9	66	54
c150_10Gb   MaxBin2	sample0	35	29
c150_10Gb   MaxBin2	sample1	39	35
c150_10Gb   MaxBin2	sample2	40	34
c150_10Gb   MaxBin2	sample3	47	37
c150_10Gb   MaxBin2	sample4	28	26
c150_10Gb   MaxBin2	sample5	26	23
c150_10Gb   MaxBin2	sample6	42	36
c150_10Gb   MaxBin2	sample7	38	33
c150_10Gb   MaxBin2	sample8	36	30
c150_10Gb   MaxBin2	sample9	51	47
c150_10Gb   MetaBAT2	sample0	54	40
c150_10Gb   MetaBAT2	sample1	65	50
c150_10Gb   MetaBAT2	sample2	68	53
c150_10Gb   MetaBAT2	sample3	61	52
c150_10Gb   MetaBAT2	sample4	66	52
c150_10Gb   MetaBAT2	sample5	44	36
c150_10Gb   MetaBAT2	sample6	62	51
c150_10Gb   MetaBAT2	sample7	58	43
c150_10Gb   MetaBAT2	sample8	48	41
c150_10Gb   MetaBAT2	sample9	68	62
c150_10Gb   MetaBinner	sample0	50	36
c150_10Gb   MetaBinner	sample1	66	49
c150_10Gb   MetaBinner	sample2	64	50
c150_10Gb   MetaBinner	sample3	68	46
c150_10Gb   MetaBinner	sample4	60	48
c150_10Gb   MetaBinner	sample5	41	36
c150_10Gb   MetaBinner	sample6	67	51
c150_10Gb   MetaBinner	sample7	58	44
c150_10Gb   MetaBinner	sample8	47	38
c150_10Gb   MetaBinner	sample9	71	62
c150_10Gb   MetaDecoder	sample0	53	40
c150_10Gb   MetaDecoder	sample1	67	56
c150_10Gb   MetaDecoder	sample2	60	45
c150_10Gb   MetaDecoder	sample3	64	53
c150_10Gb   MetaDecoder	sample4	67	56
c150_10Gb   MetaDecoder	sample5	40	31
c150_10Gb   MetaDecoder	sample6	65	52
c150_10Gb   MetaDecoder	sample7	62	45
c150_10Gb   MetaDecoder	sample8	44	37
c150_10Gb   MetaDecoder	sample9	65	58
c150_10Gb   SemiBin2	sample0	58	45
c150_10Gb   SemiBin2	sample1	69	57
c150_10Gb   SemiBin2	sample2	72	63
c150_10Gb   SemiBin2	sample3	67	55
c150_10Gb   SemiBin2	sample4	71	53
c150_10Gb   SemiBin2	sample5	46	39
c150_10Gb   SemiBin2	sample6	73	59
c150_10Gb   SemiBin2	sample7	71	51
c150_10Gb   SemiBin2	sample8	53	45
c150_10Gb   SemiBin2	sample9	76	67
c150_10Gb   SemiBin2(multi)	sample0	58	47
c150_10Gb   SemiBin2(multi)	sample1	71	60
c150_10Gb   SemiBin2(multi)	sample2	72	62
c150_10Gb   SemiBin2(multi)	sample3	67	59
c150_10Gb   SemiBin2(multi)	sample4	71	59
c150_10Gb   SemiBin2(multi)	sample5	46	40
c150_10Gb   SemiBin2(multi)	sample6	74	63
c150_10Gb   SemiBin2(multi)	sample7	71	53
c150_10Gb   SemiBin2(multi)	sample8	54	45
c150_10Gb   SemiBin2(multi)	sample9	76	67
c150_10Gb   vamb	sample0	22	14
c150_10Gb   vamb	sample1	28	21
c150_10Gb   vamb	sample2	35	23
c150_10Gb   vamb	sample3	31	21
c150_10Gb   vamb	sample4	36	23
c150_10Gb   vamb	sample5	19	15
c150_10Gb   vamb	sample6	32	20
c150_10Gb   vamb	sample7	44	32
c150_10Gb   vamb	sample8	24	18
c150_10Gb   vamb	sample9	38	37
c150_10Gb   vamb(multi)	sample0	57	49
c150_10Gb   vamb(multi)	sample1	73	62
c150_10Gb   vamb(multi)	sample2	73	64
c150_10Gb   vamb(multi)	sample3	70	62
c150_10Gb   vamb(multi)	sample4	71	60
c150_10Gb   vamb(multi)	sample5	49	41
c150_10Gb   vamb(multi)	sample6	78	67
c150_10Gb   vamb(multi)	sample7	72	58
c150_10Gb   vamb(multi)	sample8	56	45
c150_10Gb   vamb(multi)	sample9	76	64
c150_2.4Gb  binny	sample0	31	16
c150_2.4Gb  binny	sample1	23	15
c150_2.4Gb  binny	sample2	31	25
c150_2.4Gb  binny	sample3	13	13
c150_2.4Gb  binny	sample4	24	14
c150_2.4Gb  binny	sample5	31	21
c150_2.4Gb  binny	sample6	25	18
c150_2.4Gb  binny	sample7	25	13
c150_2.4Gb  binny	sample8	27	20
c150_2.4Gb  binny	sample9	28	19
c150_2.4Gb  COMEBin	sample0	36	20
c150_2.4Gb  COMEBin	sample1	32	17
c150_2.4Gb  COMEBin	sample2	34	26
c150_2.4Gb  COMEBin	sample3	17	11
c150_2.4Gb  COMEBin	sample4	29	15
c150_2.4Gb  COMEBin	sample5	38	20
c150_2.4Gb  COMEBin	sample6	27	20
c150_2.4Gb  COMEBin	sample7	33	17
c150_2.4Gb  COMEBin	sample8	32	24
c150_2.4Gb  COMEBin	sample9	31	23
c150_2.4Gb  CONCOCT	sample0	32	21
c150_2.4Gb  CONCOCT	sample1	27	18
c150_2.4Gb  CONCOCT	sample2	37	25
c150_2.4Gb  CONCOCT	sample3	16	12
c150_2.4Gb  CONCOCT	sample4	29	17
c150_2.4Gb  CONCOCT	sample5	33	18
c150_2.4Gb  CONCOCT	sample6	23	17
c150_2.4Gb  CONCOCT	sample7	31	17
c150_2.4Gb  CONCOCT	sample8	29	24
c150_2.4Gb  CONCOCT	sample9	30	22
c150_2.4Gb  MaxBin2	sample0	15	10
c150_2.4Gb  MaxBin2	sample1	17	13
c150_2.4Gb  MaxBin2	sample2	19	17
c150_2.4Gb  MaxBin2	sample3	7	6
c150_2.4Gb  MaxBin2	sample4	14	11
c150_2.4Gb  MaxBin2	sample5	19	15
c150_2.4Gb  MaxBin2	sample6	11	10
c150_2.4Gb  MaxBin2	sample7	11	7
c150_2.4Gb  MaxBin2	sample8	15	12
c150_2.4Gb  MaxBin2	sample9	9	5
c150_2.4Gb  MetaBAT2	sample0	28	17
c150_2.4Gb  MetaBAT2	sample1	25	17
c150_2.4Gb  MetaBAT2	sample2	27	18
c150_2.4Gb  MetaBAT2	sample3	13	12
c150_2.4Gb  MetaBAT2	sample4	22	15
c150_2.4Gb  MetaBAT2	sample5	24	19
c150_2.4Gb  MetaBAT2	sample6	23	17
c150_2.4Gb  MetaBAT2	sample7	21	11
c150_2.4Gb  MetaBAT2	sample8	28	20
c150_2.4Gb  MetaBAT2	sample9	27	18
c150_2.4Gb  MetaBinner	sample0	26	17
c150_2.4Gb  MetaBinner	sample1	21	13
c150_2.4Gb  MetaBinner	sample2	29	20
c150_2.4Gb  MetaBinner	sample3	13	11
c150_2.4Gb  MetaBinner	sample4	19	14
c150_2.4Gb  MetaBinner	sample5	29	18
c150_2.4Gb  MetaBinner	sample6	21	16
c150_2.4Gb  MetaBinner	sample7	21	13
c150_2.4Gb  MetaBinner	sample8	28	20
c150_2.4Gb  MetaBinner	sample9	22	17
c150_2.4Gb  MetaDecoder	sample0	27	17
c150_2.4Gb  MetaDecoder	sample1	23	18
c150_2.4Gb  MetaDecoder	sample2	29	22
c150_2.4Gb  MetaDecoder	sample3	13	12
c150_2.4Gb  MetaDecoder	sample4	21	14
c150_2.4Gb  MetaDecoder	sample5	21	15
c150_2.4Gb  MetaDecoder	sample6	23	18
c150_2.4Gb  MetaDecoder	sample7	18	10
c150_2.4Gb  MetaDecoder	sample8	28	21
c150_2.4Gb  MetaDecoder	sample9	25	18
c150_2.4Gb  SemiBin2	sample0	31	17
c150_2.4Gb  SemiBin2	sample1	26	17
c150_2.4Gb  SemiBin2	sample2	32	24
c150_2.4Gb  SemiBin2	sample3	13	12
c150_2.4Gb  SemiBin2	sample4	27	16
c150_2.4Gb  SemiBin2	sample5	29	21
c150_2.4Gb  SemiBin2	sample6	23	18
c150_2.4Gb  SemiBin2	sample7	29	14
c150_2.4Gb  SemiBin2	sample8	28	21
c150_2.4Gb  SemiBin2	sample9	27	18
c150_2.4Gb  SemiBin2(multi)	sample0	33	18
c150_2.4Gb  SemiBin2(multi)	sample1	25	18
c150_2.4Gb  SemiBin2(multi)	sample2	33	24
c150_2.4Gb  SemiBin2(multi)	sample3	13	12
c150_2.4Gb  SemiBin2(multi)	sample4	27	16
c150_2.4Gb  SemiBin2(multi)	sample5	29	21
c150_2.4Gb  SemiBin2(multi)	sample6	23	17
c150_2.4Gb  SemiBin2(multi)	sample7	29	14
c150_2.4Gb  SemiBin2(multi)	sample8	29	22
c150_2.4Gb  SemiBin2(multi)	sample9	27	19
c150_2.4Gb  vamb	sample0	9	8
c150_2.4Gb  vamb	sample1	8	4
c150_2.4Gb  vamb	sample2	10	10
c150_2.4Gb  vamb	sample3	8	6
c150_2.4Gb  vamb	sample4	10	9
c150_2.4Gb  vamb	sample5	8	5
c150_2.4Gb  vamb	sample6	11	9
c150_2.4Gb  vamb	sample7	12	3
c150_2.4Gb  vamb	sample8	12	8
c150_2.4Gb  vamb	sample9	12	8
c150_2.4Gb  vamb(multi)	sample0	31	19
c150_2.4Gb  vamb(multi)	sample1	24	22
c150_2.4Gb  vamb(multi)	sample2	30	24
c150_2.4Gb  vamb(multi)	sample3	13	12
c150_2.4Gb  vamb(multi)	sample4	24	16
c150_2.4Gb  vamb(multi)	sample5	29	22
c150_2.4Gb  vamb(multi)	sample6	24	19
c150_2.4Gb  vamb(multi)	sample7	26	19
c150_2.4Gb  vamb(multi)	sample8	28	21
c150_2.4Gb  vamb(multi)	sample9	30	20
c150_5Gb    binny	sample0	51	35
c150_5Gb    binny	sample1	39	23
c150_5Gb    binny	sample2	35	24
c150_5Gb    binny	sample3	47	35
c150_5Gb    binny	sample4	57	42
c150_5Gb    binny	sample5	31	19
c150_5Gb    binny	sample6	21	12
c150_5Gb    binny	sample7	40	28
c150_5Gb    binny	sample8	38	27
c150_5Gb    binny	sample9	33	25
c150_5Gb    COMEBin	sample0	66	42
c150_5Gb    COMEBin	sample1	47	31
c150_5Gb    COMEBin	sample2	45	31
c150_5Gb    COMEBin	sample3	62	42
c150_5Gb    COMEBin	sample4	61	48
c150_5Gb    COMEBin	sample5	33	24
c150_5Gb    COMEBin	sample6	24	14
c150_5Gb    COMEBin	sample7	46	30
c150_5Gb    COMEBin	sample8	44	31
c150_5Gb    COMEBin	sample9	47	27
c150_5Gb    CONCOCT	sample0	54	36
c150_5Gb    CONCOCT	sample1	39	26
c150_5Gb    CONCOCT	sample2	42	30
c150_5Gb    CONCOCT	sample3	49	38
c150_5Gb    CONCOCT	sample4	50	37
c150_5Gb    CONCOCT	sample5	27	19
c150_5Gb    CONCOCT	sample6	22	16
c150_5Gb    CONCOCT	sample7	44	32
c150_5Gb    CONCOCT	sample8	39	29
c150_5Gb    CONCOCT	sample9	40	28
c150_5Gb    MaxBin2	sample0	24	19
c150_5Gb    MaxBin2	sample1	18	14
c150_5Gb    MaxBin2	sample2	22	19
c150_5Gb    MaxBin2	sample3	23	20
c150_5Gb    MaxBin2	sample4	33	30
c150_5Gb    MaxBin2	sample5	12	11
c150_5Gb    MaxBin2	sample6	11	9
c150_5Gb    MaxBin2	sample7	17	17
c150_5Gb    MaxBin2	sample8	23	21
c150_5Gb    MaxBin2	sample9	17	15
c150_5Gb    MetaBAT2	sample0	45	31
c150_5Gb    MetaBAT2	sample1	36	23
c150_5Gb    MetaBAT2	sample2	37	29
c150_5Gb    MetaBAT2	sample3	44	36
c150_5Gb    MetaBAT2	sample4	53	41
c150_5Gb    MetaBAT2	sample5	26	15
c150_5Gb    MetaBAT2	sample6	20	13
c150_5Gb    MetaBAT2	sample7	34	29
c150_5Gb    MetaBAT2	sample8	38	26
c150_5Gb    MetaBAT2	sample9	34	27
c150_5Gb    MetaBinner	sample0	38	26
c150_5Gb    MetaBinner	sample1	30	17
c150_5Gb    MetaBinner	sample2	35	24
c150_5Gb    MetaBinner	sample3	45	35
c150_5Gb    MetaBinner	sample4	52	41
c150_5Gb    MetaBinner	sample5	24	15
c150_5Gb    MetaBinner	sample6	20	13
c150_5Gb    MetaBinner	sample7	35	28
c150_5Gb    MetaBinner	sample8	36	28
c150_5Gb    MetaBinner	sample9	32	25
c150_5Gb    MetaDecoder	sample0	45	29
c150_5Gb    MetaDecoder	sample1	36	24
c150_5Gb    MetaDecoder	sample2	36	26
c150_5Gb    MetaDecoder	sample3	36	30
c150_5Gb    MetaDecoder	sample4	57	46
c150_5Gb    MetaDecoder	sample5	27	20
c150_5Gb    MetaDecoder	sample6	17	13
c150_5Gb    MetaDecoder	sample7	34	27
c150_5Gb    MetaDecoder	sample8	37	28
c150_5Gb    MetaDecoder	sample9	32	24
c150_5Gb    SemiBin2	sample0	57	37
c150_5Gb    SemiBin2	sample1	45	24
c150_5Gb    SemiBin2	sample2	38	30
c150_5Gb    SemiBin2	sample3	52	39
c150_5Gb    SemiBin2	sample4	58	47
c150_5Gb    SemiBin2	sample5	29	20
c150_5Gb    SemiBin2	sample6	22	16
c150_5Gb    SemiBin2	sample7	35	27
c150_5Gb    SemiBin2	sample8	38	29
c150_5Gb    SemiBin2	sample9	38	28
c150_5Gb    SemiBin2(multi)	sample0	57	41
c150_5Gb    SemiBin2(multi)	sample1	46	26
c150_5Gb    SemiBin2(multi)	sample2	39	30
c150_5Gb    SemiBin2(multi)	sample3	52	38
c150_5Gb    SemiBin2(multi)	sample4	58	46
c150_5Gb    SemiBin2(multi)	sample5	28	19
c150_5Gb    SemiBin2(multi)	sample6	22	16
c150_5Gb    SemiBin2(multi)	sample7	36	29
c150_5Gb    SemiBin2(multi)	sample8	37	28
c150_5Gb    SemiBin2(multi)	sample9	40	28
c150_5Gb    vamb	sample0	24	15
c150_5Gb    vamb	sample1	26	16
c150_5Gb    vamb	sample2	17	13
c150_5Gb    vamb	sample3	14	12
c150_5Gb    vamb	sample4	29	25
c150_5Gb    vamb	sample5	19	9
c150_5Gb    vamb	sample6	9	6
c150_5Gb    vamb	sample7	23	18
c150_5Gb    vamb	sample8	14	11
c150_5Gb    vamb	sample9	22	17
c150_5Gb    vamb(multi)	sample0	59	45
c150_5Gb    vamb(multi)	sample1	43	29
c150_5Gb    vamb(multi)	sample2	38	34
c150_5Gb    vamb(multi)	sample3	54	40
c150_5Gb    vamb(multi)	sample4	60	47
c150_5Gb    vamb(multi)	sample5	28	21
c150_5Gb    vamb(multi)	sample6	26	17
c150_5Gb    vamb(multi)	sample7	37	30
c150_5Gb    vamb(multi)	sample8	41	28
c150_5Gb    vamb(multi)	sample9	36	29
c150_7.2Gb  binny	sample0	46	40
c150_7.2Gb  binny	sample1	39	30
c150_7.2Gb  binny	sample2	40	22
c150_7.2Gb  binny	sample3	42	31
c150_7.2Gb  binny	sample4	56	45
c150_7.2Gb  binny	sample5	57	46
c150_7.2Gb  binny	sample6	48	40
c150_7.2Gb  binny	sample7	60	42
c150_7.2Gb  binny	sample8	52	38
c150_7.2Gb  binny	sample9	40	29
c150_7.2Gb  COMEBin	sample0	59	44
c150_7.2Gb  COMEBin	sample1	54	37
c150_7.2Gb  COMEBin	sample2	56	36
c150_7.2Gb  COMEBin	sample3	52	39
c150_7.2Gb  COMEBin	sample4	69	54
c150_7.2Gb  COMEBin	sample5	64	50
c150_7.2Gb  COMEBin	sample6	56	45
c150_7.2Gb  COMEBin	sample7	72	55
c150_7.2Gb  COMEBin	sample8	66	49
c150_7.2Gb  COMEBin	sample9	53	34
c150_7.2Gb  CONCOCT	sample0	52	37
c150_7.2Gb  CONCOCT	sample1	50	38
c150_7.2Gb  CONCOCT	sample2	50	35
c150_7.2Gb  CONCOCT	sample3	48	37
c150_7.2Gb  CONCOCT	sample4	64	51
c150_7.2Gb  CONCOCT	sample5	55	44
c150_7.2Gb  CONCOCT	sample6	52	45
c150_7.2Gb  CONCOCT	sample7	67	51
c150_7.2Gb  CONCOCT	sample8	56	44
c150_7.2Gb  CONCOCT	sample9	45	32
c150_7.2Gb  MaxBin2	sample0	34	31
c150_7.2Gb  MaxBin2	sample1	29	24
c150_7.2Gb  MaxBin2	sample2	28	20
c150_7.2Gb  MaxBin2	sample3	27	23
c150_7.2Gb  MaxBin2	sample4	35	33
c150_7.2Gb  MaxBin2	sample5	33	29
c150_7.2Gb  MaxBin2	sample6	31	29
c150_7.2Gb  MaxBin2	sample7	39	33
c150_7.2Gb  MaxBin2	sample8	31	27
c150_7.2Gb  MaxBin2	sample9	23	19
c150_7.2Gb  MetaBAT2	sample0	45	37
c150_7.2Gb  MetaBAT2	sample1	43	35
c150_7.2Gb  MetaBAT2	sample2	42	30
c150_7.2Gb  MetaBAT2	sample3	38	32
c150_7.2Gb  MetaBAT2	sample4	54	44
c150_7.2Gb  MetaBAT2	sample5	52	44
c150_7.2Gb  MetaBAT2	sample6	48	43
c150_7.2Gb  MetaBAT2	sample7	61	42
c150_7.2Gb  MetaBAT2	sample8	52	42
c150_7.2Gb  MetaBAT2	sample9	36	27
c150_7.2Gb  MetaBinner	sample0	47	37
c150_7.2Gb  MetaBinner	sample1	44	29
c150_7.2Gb  MetaBinner	sample2	43	27
c150_7.2Gb  MetaBinner	sample3	38	30
c150_7.2Gb  MetaBinner	sample4	52	40
c150_7.2Gb  MetaBinner	sample5	51	42
c150_7.2Gb  MetaBinner	sample6	48	40
c150_7.2Gb  MetaBinner	sample7	57	40
c150_7.2Gb  MetaBinner	sample8	53	37
c150_7.2Gb  MetaBinner	sample9	39	34
c150_7.2Gb  MetaDecoder	sample0	46	36
c150_7.2Gb  MetaDecoder	sample1	39	30
c150_7.2Gb  MetaDecoder	sample2	36	23
c150_7.2Gb  MetaDecoder	sample3	38	33
c150_7.2Gb  MetaDecoder	sample4	49	36
c150_7.2Gb  MetaDecoder	sample5	58	46
c150_7.2Gb  MetaDecoder	sample6	44	38
c150_7.2Gb  MetaDecoder	sample7	55	39
c150_7.2Gb  MetaDecoder	sample8	52	44
c150_7.2Gb  MetaDecoder	sample9	40	31
c150_7.2Gb  SemiBin2	sample0	53	45
c150_7.2Gb  SemiBin2	sample1	44	36
c150_7.2Gb  SemiBin2	sample2	48	31
c150_7.2Gb  SemiBin2	sample3	44	36
c150_7.2Gb  SemiBin2	sample4	64	49
c150_7.2Gb  SemiBin2	sample5	62	50
c150_7.2Gb  SemiBin2	sample6	50	45
c150_7.2Gb  SemiBin2	sample7	69	51
c150_7.2Gb  SemiBin2	sample8	54	47
c150_7.2Gb  SemiBin2	sample9	46	36
c150_7.2Gb  SemiBin2(multi)	sample0	54	45
c150_7.2Gb  SemiBin2(multi)	sample1	45	36
c150_7.2Gb  SemiBin2(multi)	sample2	51	34
c150_7.2Gb  SemiBin2(multi)	sample3	47	37
c150_7.2Gb  SemiBin2(multi)	sample4	64	50
c150_7.2Gb  SemiBin2(multi)	sample5	62	50
c150_7.2Gb  SemiBin2(multi)	sample6	50	45
c150_7.2Gb  SemiBin2(multi)	sample7	71	53
c150_7.2Gb  SemiBin2(multi)	sample8	58	51
c150_7.2Gb  SemiBin2(multi)	sample9	48	37
c150_7.2Gb  vamb	sample0	22	19
c150_7.2Gb  vamb	sample1	22	18
c150_7.2Gb  vamb	sample2	23	15
c150_7.2Gb  vamb	sample3	21	14
c150_7.2Gb  vamb	sample4	25	19
c150_7.2Gb  vamb	sample5	22	13
c150_7.2Gb  vamb	sample6	19	16
c150_7.2Gb  vamb	sample7	17	8
c150_7.2Gb  vamb	sample8	23	16
c150_7.2Gb  vamb	sample9	22	16
c150_7.2Gb  vamb(multi)	sample0	55	46
c150_7.2Gb  vamb(multi)	sample1	47	38
c150_7.2Gb  vamb(multi)	sample2	55	38
c150_7.2Gb  vamb(multi)	sample3	49	39
c150_7.2Gb  vamb(multi)	sample4	66	54
c150_7.2Gb  vamb(multi)	sample5	65	55
c150_7.2Gb  vamb(multi)	sample6	53	47
c150_7.2Gb  vamb(multi)	sample7	75	57
c150_7.2Gb  vamb(multi)	sample8	63	50
c150_7.2Gb  vamb(multi)	sample9	50	40
c600_10Gb   binny	sample0	98	73
c600_10Gb   binny	sample1	94	75
c600_10Gb   binny	sample2	94	72
c600_10Gb   binny	sample3	56	37
c600_10Gb   binny	sample4	108	73
c600_10Gb   binny	sample5	105	76
c600_10Gb   binny	sample6	99	75
c600_10Gb   binny	sample7	111	86
c600_10Gb   binny	sample8	96	67
c600_10Gb   binny	sample9	91	62
c600_10Gb   COMEBin	sample0	123	85
c600_10Gb   COMEBin	sample1	121	77
c600_10Gb   COMEBin	sample2	133	77
c600_10Gb   COMEBin	sample3	79	47
c600_10Gb   COMEBin	sample4	143	86
c600_10Gb   COMEBin	sample5	132	88
c600_10Gb   COMEBin	sample6	131	87
c600_10Gb   COMEBin	sample7	145	93
c600_10Gb   COMEBin	sample8	106	79
c600_10Gb   COMEBin	sample9	118	79
c600_10Gb   CONCOCT	sample0	71	42
c600_10Gb   CONCOCT	sample1	71	45
c600_10Gb   CONCOCT	sample2	86	54
c600_10Gb   CONCOCT	sample3	62	34
c600_10Gb   CONCOCT	sample4	83	51
c600_10Gb   CONCOCT	sample5	79	53
c600_10Gb   CONCOCT	sample6	79	51
c600_10Gb   CONCOCT	sample7	73	46
c600_10Gb   CONCOCT	sample8	75	52
c600_10Gb   CONCOCT	sample9	83	47
c600_10Gb   MaxBin2	sample0	46	40
c600_10Gb   MaxBin2	sample1	44	39
c600_10Gb   MaxBin2	sample2	48	44
c600_10Gb   MaxBin2	sample3	30	27
c600_10Gb   MaxBin2	sample4	52	45
c600_10Gb   MaxBin2	sample5	50	43
c600_10Gb   MaxBin2	sample6	45	37
c600_10Gb   MaxBin2	sample7	46	35
c600_10Gb   MaxBin2	sample8	48	40
c600_10Gb   MaxBin2	sample9	52	42
c600_10Gb   MetaBAT2	sample0	87	63
c600_10Gb   MetaBAT2	sample1	88	68
c600_10Gb   MetaBAT2	sample2	84	67
c600_10Gb   MetaBAT2	sample3	54	41
c600_10Gb   MetaBAT2	sample4	97	73
c600_10Gb   MetaBAT2	sample5	94	70
c600_10Gb   MetaBAT2	sample6	98	70
c600_10Gb   MetaBAT2	sample7	105	76
c600_10Gb   MetaBAT2	sample8	88	65
c600_10Gb   MetaBAT2	sample9	87	67
c600_10Gb   MetaBinner	sample0	85	61
c600_10Gb   MetaBinner	sample1	76	54
c600_10Gb   MetaBinner	sample2	86	62
c600_10Gb   MetaBinner	sample3	49	34
c600_10Gb   MetaBinner	sample4	95	67
c600_10Gb   MetaBinner	sample5	95	67
c600_10Gb   MetaBinner	sample6	94	61
c600_10Gb   MetaBinner	sample7	102	67
c600_10Gb   MetaBinner	sample8	76	56
c600_10Gb   MetaBinner	sample9	82	59
c600_10Gb   MetaDecoder	sample0	86	59
c600_10Gb   MetaDecoder	sample1	93	66
c600_10Gb   MetaDecoder	sample2	84	58
c600_10Gb   MetaDecoder	sample3	52	38
c600_10Gb   MetaDecoder	sample4	100	71
c600_10Gb   MetaDecoder	sample5	96	70
c600_10Gb   MetaDecoder	sample6	101	75
c600_10Gb   MetaDecoder	sample7	110	76
c600_10Gb   MetaDecoder	sample8	89	68
c600_10Gb   MetaDecoder	sample9	91	64
c600_10Gb   SemiBin2	sample0	114	76
c600_10Gb   SemiBin2	sample1	103	80
c600_10Gb   SemiBin2	sample2	108	79
c600_10Gb   SemiBin2	sample3	69	40
c600_10Gb   SemiBin2	sample4	118	82
c600_10Gb   SemiBin2	sample5	119	84
c600_10Gb   SemiBin2	sample6	111	86
c600_10Gb   SemiBin2	sample7	133	93
c600_10Gb   SemiBin2	sample8	105	74
c600_10Gb   SemiBin2	sample9	105	73
c600_10Gb   SemiBin2(multi)	sample0	113	83
c600_10Gb   SemiBin2(multi)	sample1	105	78
c600_10Gb   SemiBin2(multi)	sample2	106	83
c600_10Gb   SemiBin2(multi)	sample3	74	48
c600_10Gb   SemiBin2(multi)	sample4	124	86
c600_10Gb   SemiBin2(multi)	sample5	123	91
c600_10Gb   SemiBin2(multi)	sample6	121	95
c600_10Gb   SemiBin2(multi)	sample7	136	99
c600_10Gb   SemiBin2(multi)	sample8	105	76
c600_10Gb   SemiBin2(multi)	sample9	106	75
c600_10Gb   vamb	sample0	41	22
c600_10Gb   vamb	sample1	54	37
c600_10Gb   vamb	sample2	35	24
c600_10Gb   vamb	sample3	33	19
c600_10Gb   vamb	sample4	31	15
c600_10Gb   vamb	sample5	49	28
c600_10Gb   vamb	sample6	53	33
c600_10Gb   vamb	sample7	43	27
c600_10Gb   vamb	sample8	45	24
c600_10Gb   vamb	sample9	49	30
c600_10Gb   vamb(multi)	sample0	121	89
c600_10Gb   vamb(multi)	sample1	106	78
c600_10Gb   vamb(multi)	sample2	115	85
c600_10Gb   vamb(multi)	sample3	77	49
c600_10Gb   vamb(multi)	sample4	133	97
c600_10Gb   vamb(multi)	sample5	121	91
c600_10Gb   vamb(multi)	sample6	122	93
c600_10Gb   vamb(multi)	sample7	141	101
c600_10Gb   vamb(multi)	sample8	115	89
c600_10Gb   vamb(multi)	sample9	104	75
c600_2.4Gb  binny	sample0	34	22
c600_2.4Gb  binny	sample1	28	20
c600_2.4Gb  binny	sample2	44	33
c600_2.4Gb  binny	sample3	32	18
c600_2.4Gb  binny	sample4	37	19
c600_2.4Gb  binny	sample5	32	18
c600_2.4Gb  binny	sample6	44	28
c600_2.4Gb  binny	sample7	42	24
c600_2.4Gb  binny	sample8	36	23
c600_2.4Gb  binny	sample9	34	23
c600_2.4Gb  COMEBin	sample0	51	24
c600_2.4Gb  COMEBin	sample1	31	26
c600_2.4Gb  COMEBin	sample2	57	32
c600_2.4Gb  COMEBin	sample3	44	23
c600_2.4Gb  COMEBin	sample4	52	28
c600_2.4Gb  COMEBin	sample5	53	24
c600_2.4Gb  COMEBin	sample6	60	36
c600_2.4Gb  COMEBin	sample7	53	34
c600_2.4Gb  COMEBin	sample8	52	25
c600_2.4Gb  COMEBin	sample9	45	29
c600_2.4Gb  CONCOCT	sample0	42	23
c600_2.4Gb  CONCOCT	sample1	29	22
c600_2.4Gb  CONCOCT	sample2	42	28
c600_2.4Gb  CONCOCT	sample3	32	15
c600_2.4Gb  CONCOCT	sample4	35	18
c600_2.4Gb  CONCOCT	sample5	39	18
c600_2.4Gb  CONCOCT	sample6	43	25
c600_2.4Gb  CONCOCT	sample7	40	26
c600_2.4Gb  CONCOCT	sample8	35	22
c600_2.4Gb  CONCOCT	sample9	40	29
c600_2.4Gb  MaxBin2	sample0	15	12
c600_2.4Gb  MaxBin2	sample1	12	11
c600_2.4Gb  MaxBin2	sample2	14	13
c600_2.4Gb  MaxBin2	sample3	7	6
c600_2.4Gb  MaxBin2	sample4	9	7
c600_2.4Gb  MaxBin2	sample5	8	6
c600_2.4Gb  MaxBin2	sample6	12	8
c600_2.4Gb  MaxBin2	sample7	19	15
c600_2.4Gb  MaxBin2	sample8	9	8
c600_2.4Gb  MaxBin2	sample9	11	8
c600_2.4Gb  MetaBAT2	sample0	31	21
c600_2.4Gb  MetaBAT2	sample1	25	16
c600_2.4Gb  MetaBAT2	sample2	37	26
c600_2.4Gb  MetaBAT2	sample3	29	19
c600_2.4Gb  MetaBAT2	sample4	28	15
c600_2.4Gb  MetaBAT2	sample5	30	17
c600_2.4Gb  MetaBAT2	sample6	31	22
c600_2.4Gb  MetaBAT2	sample7	39	29
c600_2.4Gb  MetaBAT2	sample8	30	21
c600_2.4Gb  MetaBAT2	sample9	34	23
c600_2.4Gb  MetaBinner	sample0	30	18
c600_2.4Gb  MetaBinner	sample1	22	15
c600_2.4Gb  MetaBinner	sample2	34	23
c600_2.4Gb  MetaBinner	sample3	21	11
c600_2.4Gb  MetaBinner	sample4	25	12
c600_2.4Gb  MetaBinner	sample5	26	13
c600_2.4Gb  MetaBinner	sample6	38	25
c600_2.4Gb  MetaBinner	sample7	37	24
c600_2.4Gb  MetaBinner	sample8	28	19
c600_2.4Gb  MetaBinner	sample9	23	19
c600_2.4Gb  MetaDecoder	sample0	30	22
c600_2.4Gb  MetaDecoder	sample1	27	17
c600_2.4Gb  MetaDecoder	sample2	39	24
c600_2.4Gb  MetaDecoder	sample3	32	21
c600_2.4Gb  MetaDecoder	sample4	30	16
c600_2.4Gb  MetaDecoder	sample5	31	20
c600_2.4Gb  MetaDecoder	sample6	41	29
c600_2.4Gb  MetaDecoder	sample7	43	28
c600_2.4Gb  MetaDecoder	sample8	37	26
c600_2.4Gb  MetaDecoder	sample9	31	19
c600_2.4Gb  SemiBin2	sample0	34	21
c600_2.4Gb  SemiBin2	sample1	28	19
c600_2.4Gb  SemiBin2	sample2	44	27
c600_2.4Gb  SemiBin2	sample3	33	21
c600_2.4Gb  SemiBin2	sample4	33	17
c600_2.4Gb  SemiBin2	sample5	39	21
c600_2.4Gb  SemiBin2	sample6	47	33
c600_2.4Gb  SemiBin2	sample7	43	28
c600_2.4Gb  SemiBin2	sample8	41	26
c600_2.4Gb  SemiBin2	sample9	37	23
c600_2.4Gb  SemiBin2(multi)	sample0	35	20
c600_2.4Gb  SemiBin2(multi)	sample1	29	21
c600_2.4Gb  SemiBin2(multi)	sample2	43	28
c600_2.4Gb  SemiBin2(multi)	sample3	33	22
c600_2.4Gb  SemiBin2(multi)	sample4	33	20
c600_2.4Gb  SemiBin2(multi)	sample5	39	22
c600_2.4Gb  SemiBin2(multi)	sample6	48	33
c600_2.4Gb  SemiBin2(multi)	sample7	44	29
c600_2.4Gb  SemiBin2(multi)	sample8	39	27
c600_2.4Gb  SemiBin2(multi)	sample9	38	26
c600_2.4Gb  vamb	sample0	15	9
c600_2.4Gb  vamb	sample1	13	9
c600_2.4Gb  vamb	sample2	25	14
c600_2.4Gb  vamb	sample3	19	13
c600_2.4Gb  vamb	sample4	16	8
c600_2.4Gb  vamb	sample5	13	6
c600_2.4Gb  vamb	sample6	25	16
c600_2.4Gb  vamb	sample7	22	14
c600_2.4Gb  vamb	sample8	15	11
c600_2.4Gb  vamb	sample9	22	15
c600_2.4Gb  vamb(multi)	sample0	38	26
c600_2.4Gb  vamb(multi)	sample1	28	22
c600_2.4Gb  vamb(multi)	sample2	44	32
c600_2.4Gb  vamb(multi)	sample3	32	22
c600_2.4Gb  vamb(multi)	sample4	38	22
c600_2.4Gb  vamb(multi)	sample5	38	23
c600_2.4Gb  vamb(multi)	sample6	43	33
c600_2.4Gb  vamb(multi)	sample7	46	34
c600_2.4Gb  vamb(multi)	sample8	41	30
c600_2.4Gb  vamb(multi)	sample9	37	28
c600_5Gb    binny	sample0	44	29
c600_5Gb    binny	sample1	44	32
c600_5Gb    binny	sample2	58	41
c600_5Gb    binny	sample3	60	44
c600_5Gb    binny	sample4	54	35
c600_5Gb    binny	sample5	31	19
c600_5Gb    binny	sample6	35	26
c600_5Gb    binny	sample7	63	41
c600_5Gb    binny	sample8	62	41
c600_5Gb    binny	sample9	30	17
c600_5Gb    COMEBin	sample0	70	37
c600_5Gb    COMEBin	sample1	65	34
c600_5Gb    COMEBin	sample2	72	53
c600_5Gb    COMEBin	sample3	72	49
c600_5Gb    COMEBin	sample4	75	45
c600_5Gb    COMEBin	sample5	51	25
c600_5Gb    COMEBin	sample6	56	33
c600_5Gb    COMEBin	sample7	78	48
c600_5Gb    COMEBin	sample8	76	46
c600_5Gb    COMEBin	sample9	40	21
c600_5Gb    CONCOCT	sample0	44	18
c600_5Gb    CONCOCT	sample1	48	29
c600_5Gb    CONCOCT	sample2	53	32
c600_5Gb    CONCOCT	sample3	55	41
c600_5Gb    CONCOCT	sample4	48	31
c600_5Gb    CONCOCT	sample5	48	29
c600_5Gb    CONCOCT	sample6	41	21
c600_5Gb    CONCOCT	sample7	54	30
c600_5Gb    CONCOCT	sample8	51	31
c600_5Gb    CONCOCT	sample9	31	14
c600_5Gb    MaxBin2	sample0	16	13
c600_5Gb    MaxBin2	sample1	27	23
c600_5Gb    MaxBin2	sample2	20	15
c600_5Gb    MaxBin2	sample3	32	28
c600_5Gb    MaxBin2	sample4	25	22
c600_5Gb    MaxBin2	sample5	19	17
c600_5Gb    MaxBin2	sample6	19	18
c600_5Gb    MaxBin2	sample7	26	21
c600_5Gb    MaxBin2	sample8	23	17
c600_5Gb    MaxBin2	sample9	14	10
c600_5Gb    MetaBAT2	sample0	47	28
c600_5Gb    MetaBAT2	sample1	42	34
c600_5Gb    MetaBAT2	sample2	47	35
c600_5Gb    MetaBAT2	sample3	60	48
c600_5Gb    MetaBAT2	sample4	48	39
c600_5Gb    MetaBAT2	sample5	35	25
c600_5Gb    MetaBAT2	sample6	32	27
c600_5Gb    MetaBAT2	sample7	57	40
c600_5Gb    MetaBAT2	sample8	55	40
c600_5Gb    MetaBAT2	sample9	30	17
c600_5Gb    MetaBinner	sample0	38	22
c600_5Gb    MetaBinner	sample1	42	28
c600_5Gb    MetaBinner	sample2	48	32
c600_5Gb    MetaBinner	sample3	54	40
c600_5Gb    MetaBinner	sample4	46	32
c600_5Gb    MetaBinner	sample5	34	23
c600_5Gb    MetaBinner	sample6	32	27
c600_5Gb    MetaBinner	sample7	57	37
c600_5Gb    MetaBinner	sample8	53	34
c600_5Gb    MetaBinner	sample9	25	16
c600_5Gb    MetaDecoder	sample0	49	33
c600_5Gb    MetaDecoder	sample1	48	35
c600_5Gb    MetaDecoder	sample2	57	42
c600_5Gb    MetaDecoder	sample3	60	46
c600_5Gb    MetaDecoder	sample4	49	31
c600_5Gb    MetaDecoder	sample5	35	26
c600_5Gb    MetaDecoder	sample6	32	28
c600_5Gb    MetaDecoder	sample7	63	43
c600_5Gb    MetaDecoder	sample8	56	37
c600_5Gb    MetaDecoder	sample9	31	17
c600_5Gb    SemiBin2	sample0	50	33
c600_5Gb    SemiBin2	sample1	49	36
c600_5Gb    SemiBin2	sample2	63	44
c600_5Gb    SemiBin2	sample3	73	55
c600_5Gb    SemiBin2	sample4	55	36
c600_5Gb    SemiBin2	sample5	41	30
c600_5Gb    SemiBin2	sample6	42	29
c600_5Gb    SemiBin2	sample7	66	46
c600_5Gb    SemiBin2	sample8	62	41
c600_5Gb    SemiBin2	sample9	31	18
c600_5Gb    SemiBin2(multi)	sample0	50	32
c600_5Gb    SemiBin2(multi)	sample1	51	35
c600_5Gb    SemiBin2(multi)	sample2	61	44
c600_5Gb    SemiBin2(multi)	sample3	74	54
c600_5Gb    SemiBin2(multi)	sample4	61	37
c600_5Gb    SemiBin2(multi)	sample5	43	31
c600_5Gb    SemiBin2(multi)	sample6	40	28
c600_5Gb    SemiBin2(multi)	sample7	65	46
c600_5Gb    SemiBin2(multi)	sample8	67	47
c600_5Gb    SemiBin2(multi)	sample9	34	18
c600_5Gb    vamb	sample0	26	19
c600_5Gb    vamb	sample1	19	10
c600_5Gb    vamb	sample2	21	17
c600_5Gb    vamb	sample3	28	17
c600_5Gb    vamb	sample4	21	15
c600_5Gb    vamb	sample5	10	5
c600_5Gb    vamb	sample6	14	11
c600_5Gb    vamb	sample7	31	19
c600_5Gb    vamb	sample8	25	18
c600_5Gb    vamb	sample9	13	6
c600_5Gb    vamb(multi)	sample0	55	34
c600_5Gb    vamb(multi)	sample1	52	39
c600_5Gb    vamb(multi)	sample2	65	45
c600_5Gb    vamb(multi)	sample3	81	60
c600_5Gb    vamb(multi)	sample4	65	40
c600_5Gb    vamb(multi)	sample5	42	28
c600_5Gb    vamb(multi)	sample6	38	24
c600_5Gb    vamb(multi)	sample7	67	47
c600_5Gb    vamb(multi)	sample8	65	45
c600_5Gb    vamb(multi)	sample9	35	23
c600_7.2Gb  binny	sample0	65	44
c600_7.2Gb  binny	sample1	76	50
c600_7.2Gb  binny	sample2	67	49
c600_7.2Gb  binny	sample3	83	60
c600_7.2Gb  binny	sample4	81	51
c600_7.2Gb  binny	sample5	74	53
c600_7.2Gb  binny	sample6	94	70
c600_7.2Gb  binny	sample7	66	50
c600_7.2Gb  binny	sample8	73	51
c600_7.2Gb  binny	sample9	82	56
c600_7.2Gb  COMEBin	sample0	79	56
c600_7.2Gb  COMEBin	sample1	105	67
c600_7.2Gb  COMEBin	sample2	93	57
c600_7.2Gb  COMEBin	sample3	109	66
c600_7.2Gb  COMEBin	sample4	104	67
c600_7.2Gb  COMEBin	sample5	98	54
c600_7.2Gb  COMEBin	sample6	130	82
c600_7.2Gb  COMEBin	sample7	81	57
c600_7.2Gb  COMEBin	sample8	109	54
c600_7.2Gb  COMEBin	sample9	100	75
c600_7.2Gb  CONCOCT	sample0	55	44
c600_7.2Gb  CONCOCT	sample1	61	40
c600_7.2Gb  CONCOCT	sample2	60	40
c600_7.2Gb  CONCOCT	sample3	67	37
c600_7.2Gb  CONCOCT	sample4	73	43
c600_7.2Gb  CONCOCT	sample5	57	35
c600_7.2Gb  CONCOCT	sample6	83	51
c600_7.2Gb  CONCOCT	sample7	54	39
c600_7.2Gb  CONCOCT	sample8	65	34
c600_7.2Gb  CONCOCT	sample9	73	55
c600_7.2Gb  MaxBin2	sample0	20	19
c600_7.2Gb  MaxBin2	sample1	32	25
c600_7.2Gb  MaxBin2	sample2	26	22
c600_7.2Gb  MaxBin2	sample3	44	35
c600_7.2Gb  MaxBin2	sample4	33	26
c600_7.2Gb  MaxBin2	sample5	32	27
c600_7.2Gb  MaxBin2	sample6	38	32
c600_7.2Gb  MaxBin2	sample7	26	22
c600_7.2Gb  MaxBin2	sample8	34	30
c600_7.2Gb  MaxBin2	sample9	39	34
c600_7.2Gb  MetaBAT2	sample0	53	35
c600_7.2Gb  MetaBAT2	sample1	67	47
c600_7.2Gb  MetaBAT2	sample2	64	48
c600_7.2Gb  MetaBAT2	sample3	64	51
c600_7.2Gb  MetaBAT2	sample4	76	49
c600_7.2Gb  MetaBAT2	sample5	61	50
c600_7.2Gb  MetaBAT2	sample6	80	64
c600_7.2Gb  MetaBAT2	sample7	59	48
c600_7.2Gb  MetaBAT2	sample8	69	43
c600_7.2Gb  MetaBAT2	sample9	74	56
c600_7.2Gb  MetaBinner	sample0	52	36
c600_7.2Gb  MetaBinner	sample1	71	46
c600_7.2Gb  MetaBinner	sample2	66	43
c600_7.2Gb  MetaBinner	sample3	75	49
c600_7.2Gb  MetaBinner	sample4	74	48
c600_7.2Gb  MetaBinner	sample5	72	54
c600_7.2Gb  MetaBinner	sample6	90	62
c600_7.2Gb  MetaBinner	sample7	56	41
c600_7.2Gb  MetaBinner	sample8	63	38
c600_7.2Gb  MetaBinner	sample9	70	50
c600_7.2Gb  MetaDecoder	sample0	61	40
c600_7.2Gb  MetaDecoder	sample1	78	50
c600_7.2Gb  MetaDecoder	sample2	69	51
c600_7.2Gb  MetaDecoder	sample3	81	60
c600_7.2Gb  MetaDecoder	sample4	74	49
c600_7.2Gb  MetaDecoder	sample5	76	59
c600_7.2Gb  MetaDecoder	sample6	95	64
c600_7.2Gb  MetaDecoder	sample7	67	50
c600_7.2Gb  MetaDecoder	sample8	71	51
c600_7.2Gb  MetaDecoder	sample9	71	51
c600_7.2Gb  SemiBin2	sample0	70	46
c600_7.2Gb  SemiBin2	sample1	92	62
c600_7.2Gb  SemiBin2	sample2	81	59
c600_7.2Gb  SemiBin2	sample3	88	61
c600_7.2Gb  SemiBin2	sample4	93	62
c600_7.2Gb  SemiBin2	sample5	80	64
c600_7.2Gb  SemiBin2	sample6	109	80
c600_7.2Gb  SemiBin2	sample7	73	55
c600_7.2Gb  SemiBin2	sample8	89	59
c600_7.2Gb  SemiBin2	sample9	93	66
c600_7.2Gb  SemiBin2(multi)	sample0	73	55
c600_7.2Gb  SemiBin2(multi)	sample1	92	61
c600_7.2Gb  SemiBin2(multi)	sample2	81	60
c600_7.2Gb  SemiBin2(multi)	sample3	90	67
c600_7.2Gb  SemiBin2(multi)	sample4	96	64
c600_7.2Gb  SemiBin2(multi)	sample5	84	61
c600_7.2Gb  SemiBin2(multi)	sample6	111	85
c600_7.2Gb  SemiBin2(multi)	sample7	74	57
c600_7.2Gb  SemiBin2(multi)	sample8	89	59
c600_7.2Gb  SemiBin2(multi)	sample9	97	74
c600_7.2Gb  vamb	sample0	37	21
c600_7.2Gb  vamb	sample1	40	27
c600_7.2Gb  vamb	sample2	27	18
c600_7.2Gb  vamb	sample3	30	24
c600_7.2Gb  vamb	sample4	37	16
c600_7.2Gb  vamb	sample5	33	24
c600_7.2Gb  vamb	sample6	34	24
c600_7.2Gb  vamb	sample7	35	26
c600_7.2Gb  vamb	sample8	27	16
c600_7.2Gb  vamb	sample9	48	31
c600_7.2Gb  vamb(multi)	sample0	69	53
c600_7.2Gb  vamb(multi)	sample1	98	74
c600_7.2Gb  vamb(multi)	sample2	84	67
c600_7.2Gb  vamb(multi)	sample3	100	67
c600_7.2Gb  vamb(multi)	sample4	105	69
c600_7.2Gb  vamb(multi)	sample5	96	70
c600_7.2Gb  vamb(multi)	sample6	122	87
c600_7.2Gb  vamb(multi)	sample7	83	66
c600_7.2Gb  vamb(multi)	sample8	89	60
c600_7.2Gb  vamb(multi)	sample9	104	78
c60_10Gb    binny	sample0	29	27
c60_10Gb    binny	sample1	39	30
c60_10Gb    binny	sample2	28	24
c60_10Gb    binny	sample3	41	30
c60_10Gb    binny	sample4	36	31
c60_10Gb    binny	sample5	26	20
c60_10Gb    binny	sample6	41	33
c60_10Gb    binny	sample7	38	27
c60_10Gb    binny	sample8	32	26
c60_10Gb    binny	sample9	34	30
c60_10Gb    COMEBin	sample0	38	30
c60_10Gb    COMEBin	sample1	41	32
c60_10Gb    COMEBin	sample2	34	28
c60_10Gb    COMEBin	sample3	44	38
c60_10Gb    COMEBin	sample4	36	34
c60_10Gb    COMEBin	sample5	28	23
c60_10Gb    COMEBin	sample6	43	39
c60_10Gb    COMEBin	sample7	44	37
c60_10Gb    COMEBin	sample8	37	31
c60_10Gb    COMEBin	sample9	37	33
c60_10Gb    CONCOCT	sample0	35	30
c60_10Gb    CONCOCT	sample1	41	32
c60_10Gb    CONCOCT	sample2	32	30
c60_10Gb    CONCOCT	sample3	38	33
c60_10Gb    CONCOCT	sample4	34	31
c60_10Gb    CONCOCT	sample5	28	23
c60_10Gb    CONCOCT	sample6	41	36
c60_10Gb    CONCOCT	sample7	41	35
c60_10Gb    CONCOCT	sample8	36	32
c60_10Gb    CONCOCT	sample9	37	31
c60_10Gb    MaxBin2	sample0	23	22
c60_10Gb    MaxBin2	sample1	30	25
c60_10Gb    MaxBin2	sample2	25	22
c60_10Gb    MaxBin2	sample3	29	23
c60_10Gb    MaxBin2	sample4	25	23
c60_10Gb    MaxBin2	sample5	16	11
c60_10Gb    MaxBin2	sample6	29	26
c60_10Gb    MaxBin2	sample7	29	26
c60_10Gb    MaxBin2	sample8	21	19
c60_10Gb    MaxBin2	sample9	21	19
c60_10Gb    MetaBAT2	sample0	32	29
c60_10Gb    MetaBAT2	sample1	34	27
c60_10Gb    MetaBAT2	sample2	32	28
c60_10Gb    MetaBAT2	sample3	35	29
c60_10Gb    MetaBAT2	sample4	35	33
c60_10Gb    MetaBAT2	sample5	23	20
c60_10Gb    MetaBAT2	sample6	38	35
c60_10Gb    MetaBAT2	sample7	39	33
c60_10Gb    MetaBAT2	sample8	35	29
c60_10Gb    MetaBAT2	sample9	33	30
c60_10Gb    MetaBinner	sample0	31	30
c60_10Gb    MetaBinner	sample1	35	26
c60_10Gb    MetaBinner	sample2	30	26
c60_10Gb    MetaBinner	sample3	36	26
c60_10Gb    MetaBinner	sample4	34	31
c60_10Gb    MetaBinner	sample5	24	16
c60_10Gb    MetaBinner	sample6	35	30
c60_10Gb    MetaBinner	sample7	34	31
c60_10Gb    MetaBinner	sample8	33	27
c60_10Gb    MetaBinner	sample9	34	28
c60_10Gb    MetaDecoder	sample0	30	24
c60_10Gb    MetaDecoder	sample1	34	27
c60_10Gb    MetaDecoder	sample2	27	20
c60_10Gb    MetaDecoder	sample3	32	23
c60_10Gb    MetaDecoder	sample4	34	32
c60_10Gb    MetaDecoder	sample5	22	18
c60_10Gb    MetaDecoder	sample6	40	34
c60_10Gb    MetaDecoder	sample7	34	28
c60_10Gb    MetaDecoder	sample8	34	28
c60_10Gb    MetaDecoder	sample9	31	29
c60_10Gb    SemiBin2	sample0	34	31
c60_10Gb    SemiBin2	sample1	38	28
c60_10Gb    SemiBin2	sample2	32	28
c60_10Gb    SemiBin2	sample3	40	31
c60_10Gb    SemiBin2	sample4	34	32
c60_10Gb    SemiBin2	sample5	25	21
c60_10Gb    SemiBin2	sample6	39	35
c60_10Gb    SemiBin2	sample7	41	35
c60_10Gb    SemiBin2	sample8	35	29
c60_10Gb    SemiBin2	sample9	33	29
c60_10Gb    SemiBin2(multi)	sample0	35	31
c60_10Gb    SemiBin2(multi)	sample1	38	30
c60_10Gb    SemiBin2(multi)	sample2	30	26
c60_10Gb    SemiBin2(multi)	sample3	42	34
c60_10Gb    SemiBin2(multi)	sample4	34	32
c60_10Gb    SemiBin2(multi)	sample5	25	21
c60_10Gb    SemiBin2(multi)	sample6	40	35
c60_10Gb    SemiBin2(multi)	sample7	41	36
c60_10Gb    SemiBin2(multi)	sample8	36	30
c60_10Gb    SemiBin2(multi)	sample9	34	30
c60_10Gb    vamb	sample0	21	19
c60_10Gb    vamb	sample1	11	5
c60_10Gb    vamb	sample2	16	12
c60_10Gb    vamb	sample3	28	22
c60_10Gb    vamb	sample5	13	8
c60_10Gb    vamb	sample6	18	16
c60_10Gb    vamb	sample7	20	17
c60_10Gb    vamb	sample8	11	7
c60_10Gb    vamb	sample9	12	9
c60_10Gb    vamb(multi)	sample0	34	32
c60_10Gb    vamb(multi)	sample1	39	32
c60_10Gb    vamb(multi)	sample2	32	29
c60_10Gb    vamb(multi)	sample3	43	36
c60_10Gb    vamb(multi)	sample4	35	32
c60_10Gb    vamb(multi)	sample5	24	20
c60_10Gb    vamb(multi)	sample6	41	38
c60_10Gb    vamb(multi)	sample7	41	36
c60_10Gb    vamb(multi)	sample8	36	31
c60_10Gb    vamb(multi)	sample9	36	31
c60_2.4Gb   binny	sample0	31	20
c60_2.4Gb   binny	sample1	29	23
c60_2.4Gb   binny	sample2	15	13
c60_2.4Gb   binny	sample3	13	9
c60_2.4Gb   binny	sample4	27	21
c60_2.4Gb   binny	sample5	22	14
c60_2.4Gb   binny	sample6	17	10
c60_2.4Gb   binny	sample7	31	24
c60_2.4Gb   binny	sample8	14	7
c60_2.4Gb   binny	sample9	24	20
c60_2.4Gb   COMEBin	sample0	33	24
c60_2.4Gb   COMEBin	sample1	30	23
c60_2.4Gb   COMEBin	sample2	22	16
c60_2.4Gb   COMEBin	sample3	13	8
c60_2.4Gb   COMEBin	sample4	29	20
c60_2.4Gb   COMEBin	sample5	23	14
c60_2.4Gb   COMEBin	sample6	21	15
c60_2.4Gb   COMEBin	sample7	31	29
c60_2.4Gb   COMEBin	sample8	16	11
c60_2.4Gb   COMEBin	sample9	31	23
c60_2.4Gb   CONCOCT	sample0	29	20
c60_2.4Gb   CONCOCT	sample1	32	28
c60_2.4Gb   CONCOCT	sample2	23	16
c60_2.4Gb   CONCOCT	sample3	13	11
c60_2.4Gb   CONCOCT	sample4	30	23
c60_2.4Gb   CONCOCT	sample5	23	16
c60_2.4Gb   CONCOCT	sample6	22	16
c60_2.4Gb   CONCOCT	sample7	29	25
c60_2.4Gb   CONCOCT	sample8	16	11
c60_2.4Gb   CONCOCT	sample9	28	22
c60_2.4Gb   MaxBin2	sample0	18	13
c60_2.4Gb   MaxBin2	sample1	17	13
c60_2.4Gb   MaxBin2	sample2	10	7
c60_2.4Gb   MaxBin2	sample3	10	8
c60_2.4Gb   MaxBin2	sample4	17	15
c60_2.4Gb   MaxBin2	sample5	10	8
c60_2.4Gb   MaxBin2	sample6	12	10
c60_2.4Gb   MaxBin2	sample7	17	16
c60_2.4Gb   MaxBin2	sample8	8	4
c60_2.4Gb   MaxBin2	sample9	16	15
c60_2.4Gb   MetaBAT2	sample0	25	20
c60_2.4Gb   MetaBAT2	sample1	26	22
c60_2.4Gb   MetaBAT2	sample2	17	13
c60_2.4Gb   MetaBAT2	sample3	13	8
c60_2.4Gb   MetaBAT2	sample4	28	19
c60_2.4Gb   MetaBAT2	sample5	18	14
c60_2.4Gb   MetaBAT2	sample6	18	14
c60_2.4Gb   MetaBAT2	sample7	30	23
c60_2.4Gb   MetaBAT2	sample8	14	9
c60_2.4Gb   MetaBAT2	sample9	23	21
c60_2.4Gb   MetaBinner	sample0	25	18
c60_2.4Gb   MetaBinner	sample1	28	24
c60_2.4Gb   MetaBinner	sample2	18	13
c60_2.4Gb   MetaBinner	sample3	13	8
c60_2.4Gb   MetaBinner	sample4	28	19
c60_2.4Gb   MetaBinner	sample5	13	11
c60_2.4Gb   MetaBinner	sample6	18	14
c60_2.4Gb   MetaBinner	sample7	30	21
c60_2.4Gb   MetaBinner	sample8	12	8
c60_2.4Gb   MetaBinner	sample9	26	21
c60_2.4Gb   MetaDecoder	sample0	23	17
c60_2.4Gb   MetaDecoder	sample1	27	24
c60_2.4Gb   MetaDecoder	sample2	17	14
c60_2.4Gb   MetaDecoder	sample3	12	7
c60_2.4Gb   MetaDecoder	sample4	19	13
c60_2.4Gb   MetaDecoder	sample5	16	12
c60_2.4Gb   MetaDecoder	sample6	18	16
c60_2.4Gb   MetaDecoder	sample7	25	19
c60_2.4Gb   MetaDecoder	sample8	12	7
c60_2.4Gb   MetaDecoder	sample9	24	21
c60_2.4Gb   SemiBin2	sample0	25	20
c60_2.4Gb   SemiBin2	sample1	30	25
c60_2.4Gb   SemiBin2	sample2	18	14
c60_2.4Gb   SemiBin2	sample3	13	7
c60_2.4Gb   SemiBin2	sample4	29	20
c60_2.4Gb   SemiBin2	sample5	18	14
c60_2.4Gb   SemiBin2	sample6	18	15
c60_2.4Gb   SemiBin2	sample7	30	22
c60_2.4Gb   SemiBin2	sample8	13	7
c60_2.4Gb   SemiBin2	sample9	26	22
c60_2.4Gb   SemiBin2(multi)	sample0	26	21
c60_2.4Gb   SemiBin2(multi)	sample1	30	25
c60_2.4Gb   SemiBin2(multi)	sample2	18	14
c60_2.4Gb   SemiBin2(multi)	sample3	13	7
c60_2.4Gb   SemiBin2(multi)	sample4	29	22
c60_2.4Gb   SemiBin2(multi)	sample5	22	15
c60_2.4Gb   SemiBin2(multi)	sample6	17	15
c60_2.4Gb   SemiBin2(multi)	sample7	30	25
c60_2.4Gb   SemiBin2(multi)	sample8	14	9
c60_2.4Gb   SemiBin2(multi)	sample9	27	22
c60_2.4Gb   vamb	sample0	8	8
c60_2.4Gb   vamb	sample1	12	7
c60_2.4Gb   vamb	sample2	6	4
c60_2.4Gb   vamb	sample3	7	4
c60_2.4Gb   vamb	sample4	10	9
c60_2.4Gb   vamb	sample5	11	9
c60_2.4Gb   vamb	sample6	9	8
c60_2.4Gb   vamb	sample7	13	9
c60_2.4Gb   vamb	sample8	6	4
c60_2.4Gb   vamb	sample9	9	8
c60_2.4Gb   vamb(multi)	sample0	23	19
c60_2.4Gb   vamb(multi)	sample1	27	21
c60_2.4Gb   vamb(multi)	sample2	14	13
c60_2.4Gb   vamb(multi)	sample3	14	10
c60_2.4Gb   vamb(multi)	sample4	27	19
c60_2.4Gb   vamb(multi)	sample5	22	17
c60_2.4Gb   vamb(multi)	sample6	17	14
c60_2.4Gb   vamb(multi)	sample7	30	26
c60_2.4Gb   vamb(multi)	sample8	12	10
c60_2.4Gb   vamb(multi)	sample9	24	18
c60_5Gb binny	sample0	35	30
c60_5Gb binny	sample1	25	18
c60_5Gb binny	sample2	27	16
c60_5Gb binny	sample3	32	25
c60_5Gb binny	sample4	37	31
c60_5Gb binny	sample5	35	26
c60_5Gb binny	sample6	25	20
c60_5Gb binny	sample7	35	29
c60_5Gb binny	sample8	25	19
c60_5Gb binny	sample9	28	21
c60_5Gb COMEBin	sample0	38	35
c60_5Gb COMEBin	sample1	34	26
c60_5Gb COMEBin	sample2	31	21
c60_5Gb COMEBin	sample3	36	32
c60_5Gb COMEBin	sample4	43	36
c60_5Gb COMEBin	sample5	39	32
c60_5Gb COMEBin	sample6	27	20
c60_5Gb COMEBin	sample7	37	29
c60_5Gb COMEBin	sample8	27	19
c60_5Gb COMEBin	sample9	31	23
c60_5Gb CONCOCT	sample0	37	29
c60_5Gb CONCOCT	sample1	31	25
c60_5Gb CONCOCT	sample2	29	17
c60_5Gb CONCOCT	sample3	34	29
c60_5Gb CONCOCT	sample4	40	33
c60_5Gb CONCOCT	sample5	36	29
c60_5Gb CONCOCT	sample6	27	21
c60_5Gb CONCOCT	sample7	34	28
c60_5Gb CONCOCT	sample8	28	22
c60_5Gb CONCOCT	sample9	31	22
c60_5Gb MaxBin2	sample0	25	24
c60_5Gb MaxBin2	sample1	20	17
c60_5Gb MaxBin2	sample2	17	13
c60_5Gb MaxBin2	sample3	26	25
c60_5Gb MaxBin2	sample4	27	21
c60_5Gb MaxBin2	sample5	27	21
c60_5Gb MaxBin2	sample6	19	19
c60_5Gb MaxBin2	sample7	28	25
c60_5Gb MaxBin2	sample8	18	18
c60_5Gb MaxBin2	sample9	18	15
c60_5Gb MetaBAT2	sample0	35	28
c60_5Gb MetaBAT2	sample1	28	26
c60_5Gb MetaBAT2	sample2	21	16
c60_5Gb MetaBAT2	sample3	33	28
c60_5Gb MetaBAT2	sample4	35	30
c60_5Gb MetaBAT2	sample5	35	28
c60_5Gb MetaBAT2	sample6	24	20
c60_5Gb MetaBAT2	sample7	33	30
c60_5Gb MetaBAT2	sample8	25	19
c60_5Gb MetaBAT2	sample9	26	21
c60_5Gb MetaBinner	sample0	32	25
c60_5Gb MetaBinner	sample1	28	21
c60_5Gb MetaBinner	sample2	19	11
c60_5Gb MetaBinner	sample3	30	25
c60_5Gb MetaBinner	sample4	32	25
c60_5Gb MetaBinner	sample5	32	28
c60_5Gb MetaBinner	sample6	25	21
c60_5Gb MetaBinner	sample7	35	26
c60_5Gb MetaBinner	sample8	21	16
c60_5Gb MetaBinner	sample9	24	18
c60_5Gb MetaDecoder	sample0	31	28
c60_5Gb MetaDecoder	sample1	28	21
c60_5Gb MetaDecoder	sample2	20	12
c60_5Gb MetaDecoder	sample3	32	27
c60_5Gb MetaDecoder	sample4	33	26
c60_5Gb MetaDecoder	sample5	34	29
c60_5Gb MetaDecoder	sample6	25	22
c60_5Gb MetaDecoder	sample7	32	29
c60_5Gb MetaDecoder	sample8	24	19
c60_5Gb MetaDecoder	sample9	24	20
c60_5Gb SemiBin2	sample0	37	31
c60_5Gb SemiBin2	sample1	30	26
c60_5Gb SemiBin2	sample2	23	16
c60_5Gb SemiBin2	sample3	34	30
c60_5Gb SemiBin2	sample4	38	32
c60_5Gb SemiBin2	sample5	34	28
c60_5Gb SemiBin2	sample6	25	21
c60_5Gb SemiBin2	sample7	34	29
c60_5Gb SemiBin2	sample8	25	18
c60_5Gb SemiBin2	sample9	26	21
c60_5Gb SemiBin2(multi)	sample0	37	30
c60_5Gb SemiBin2(multi)	sample1	32	27
c60_5Gb SemiBin2(multi)	sample2	24	18
c60_5Gb SemiBin2(multi)	sample3	34	31
c60_5Gb SemiBin2(multi)	sample4	39	34
c60_5Gb SemiBin2(multi)	sample5	36	29
c60_5Gb SemiBin2(multi)	sample6	28	22
c60_5Gb SemiBin2(multi)	sample7	33	29
c60_5Gb SemiBin2(multi)	sample8	26	20
c60_5Gb SemiBin2(multi)	sample9	26	22
c60_5Gb vamb	sample0	20	15
c60_5Gb vamb	sample1	23	19
c60_5Gb vamb	sample2	15	6
c60_5Gb vamb	sample3	18	15
c60_5Gb vamb	sample4	26	21
c60_5Gb vamb	sample5	20	15
c60_5Gb vamb	sample6	9	9
c60_5Gb vamb	sample7	12	9
c60_5Gb vamb	sample8	13	10
c60_5Gb vamb	sample9	14	7
c60_5Gb vamb(multi)	sample0	36	31
c60_5Gb vamb(multi)	sample1	32	26
c60_5Gb vamb(multi)	sample2	24	19
c60_5Gb vamb(multi)	sample3	35	30
c60_5Gb vamb(multi)	sample4	40	35
c60_5Gb vamb(multi)	sample5	37	32
c60_5Gb vamb(multi)	sample6	27	23
c60_5Gb vamb(multi)	sample7	37	31
c60_5Gb vamb(multi)	sample8	26	23
c60_5Gb vamb(multi)	sample9	28	23
c60_7.2Gb   binny	sample0	44	38
c60_7.2Gb   binny	sample1	40	32
c60_7.2Gb   binny	sample2	36	25
c60_7.2Gb   binny	sample3	39	32
c60_7.2Gb   binny	sample4	25	16
c60_7.2Gb   binny	sample5	36	31
c60_7.2Gb   binny	sample6	7	4
c60_7.2Gb   binny	sample7	30	20
c60_7.2Gb   binny	sample8	25	17
c60_7.2Gb   binny	sample9	36	27
c60_7.2Gb   COMEBin	sample0	44	41
c60_7.2Gb   COMEBin	sample1	43	39
c60_7.2Gb   COMEBin	sample2	37	25
c60_7.2Gb   COMEBin	sample3	42	37
c60_7.2Gb   COMEBin	sample4	32	20
c60_7.2Gb   COMEBin	sample5	41	32
c60_7.2Gb   COMEBin	sample6	7	4
c60_7.2Gb   COMEBin	sample7	32	25
c60_7.2Gb   COMEBin	sample8	31	22
c60_7.2Gb   COMEBin	sample9	40	35
c60_7.2Gb   CONCOCT	sample0	43	41
c60_7.2Gb   CONCOCT	sample1	43	40
c60_7.2Gb   CONCOCT	sample2	36	26
c60_7.2Gb   CONCOCT	sample3	44	37
c60_7.2Gb   CONCOCT	sample4	29	19
c60_7.2Gb   CONCOCT	sample5	37	32
c60_7.2Gb   CONCOCT	sample6	7	5
c60_7.2Gb   CONCOCT	sample7	30	23
c60_7.2Gb   CONCOCT	sample8	27	20
c60_7.2Gb   CONCOCT	sample9	40	35
c60_7.2Gb   MaxBin2	sample0	33	29
c60_7.2Gb   MaxBin2	sample1	30	26
c60_7.2Gb   MaxBin2	sample2	23	18
c60_7.2Gb   MaxBin2	sample3	25	22
c60_7.2Gb   MaxBin2	sample4	17	12
c60_7.2Gb   MaxBin2	sample5	26	22
c60_7.2Gb   MaxBin2	sample6	2	2
c60_7.2Gb   MaxBin2	sample7	19	13
c60_7.2Gb   MaxBin2	sample8	14	11
c60_7.2Gb   MaxBin2	sample9	31	27
c60_7.2Gb   MetaBAT2	sample0	42	39
c60_7.2Gb   MetaBAT2	sample1	39	35
c60_7.2Gb   MetaBAT2	sample2	27	25
c60_7.2Gb   MetaBAT2	sample3	38	35
c60_7.2Gb   MetaBAT2	sample4	22	18
c60_7.2Gb   MetaBAT2	sample5	36	33
c60_7.2Gb   MetaBAT2	sample6	7	6
c60_7.2Gb   MetaBAT2	sample7	29	21
c60_7.2Gb   MetaBAT2	sample8	24	19
c60_7.2Gb   MetaBAT2	sample9	37	35
c60_7.2Gb   MetaBinner	sample0	37	32
c60_7.2Gb   MetaBinner	sample1	38	32
c60_7.2Gb   MetaBinner	sample2	31	24
c60_7.2Gb   MetaBinner	sample3	36	33
c60_7.2Gb   MetaBinner	sample4	25	17
c60_7.2Gb   MetaBinner	sample5	35	31
c60_7.2Gb   MetaBinner	sample6	7	5
c60_7.2Gb   MetaBinner	sample7	27	18
c60_7.2Gb   MetaBinner	sample8	25	16
c60_7.2Gb   MetaBinner	sample9	35	31
c60_7.2Gb   MetaDecoder	sample0	35	34
c60_7.2Gb   MetaDecoder	sample1	34	30
c60_7.2Gb   MetaDecoder	sample2	29	21
c60_7.2Gb   MetaDecoder	sample3	35	31
c60_7.2Gb   MetaDecoder	sample4	25	18
c60_7.2Gb   MetaDecoder	sample5	36	35
c60_7.2Gb   MetaDecoder	sample6	7	4
c60_7.2Gb   MetaDecoder	sample7	27	17
c60_7.2Gb   MetaDecoder	sample8	24	18
c60_7.2Gb   MetaDecoder	sample9	37	33
c60_7.2Gb   SemiBin2	sample0	43	37
c60_7.2Gb   SemiBin2	sample1	40	35
c60_7.2Gb   SemiBin2	sample2	34	26
c60_7.2Gb   SemiBin2	sample3	40	35
c60_7.2Gb   SemiBin2	sample4	25	18
c60_7.2Gb   SemiBin2	sample5	35	35
c60_7.2Gb   SemiBin2	sample6	7	5
c60_7.2Gb   SemiBin2	sample7	29	20
c60_7.2Gb   SemiBin2	sample8	25	18
c60_7.2Gb   SemiBin2	sample9	37	34
c60_7.2Gb   SemiBin2(multi)	sample0	45	39
c60_7.2Gb   SemiBin2(multi)	sample1	40	36
c60_7.2Gb   SemiBin2(multi)	sample2	33	26
c60_7.2Gb   SemiBin2(multi)	sample3	40	37
c60_7.2Gb   SemiBin2(multi)	sample4	26	18
c60_7.2Gb   SemiBin2(multi)	sample5	35	34
c60_7.2Gb   SemiBin2(multi)	sample6	7	6
c60_7.2Gb   SemiBin2(multi)	sample7	30	21
c60_7.2Gb   SemiBin2(multi)	sample8	26	19
c60_7.2Gb   SemiBin2(multi)	sample9	37	34
c60_7.2Gb   vamb	sample0	18	14
c60_7.2Gb   vamb	sample1	20	17
c60_7.2Gb   vamb	sample2	13	11
c60_7.2Gb   vamb	sample3	17	14
c60_7.2Gb   vamb	sample4	10	7
c60_7.2Gb   vamb	sample5	25	25
c60_7.2Gb   vamb	sample7	22	17
c60_7.2Gb   vamb	sample8	13	9
c60_7.2Gb   vamb	sample9	19	17
c60_7.2Gb   vamb(multi)	sample0	45	41
c60_7.2Gb   vamb(multi)	sample1	42	36
c60_7.2Gb   vamb(multi)	sample2	34	29
c60_7.2Gb   vamb(multi)	sample3	40	38
c60_7.2Gb   vamb(multi)	sample4	29	20
c60_7.2Gb   vamb(multi)	sample5	37	35
c60_7.2Gb   vamb(multi)	sample6	7	6
c60_7.2Gb   vamb(multi)	sample7	30	25
c60_7.2Gb   vamb(multi)	sample8	29	21
c60_7.2Gb   vamb(multi)	sample9	39	35
